ID	Leftover	Build	Cover Dependence	Cover Data	Previous Setup	Setup	Next Setup	Pieces	Solve %	Solve Fraction	Mirror
8205AABFFD	TTILJSZ	TILJ	T,[^O]p4{ILJ=1}	0000003F000FCFFFFC0		v115@9gilGeglwwHeywDei0zhEeg0JeAgH9giWDei0gWQLF?ewwg0ySDeSawhSaBeyhQLJeAgH		[TSZ]!,*p4	100.00%	5040/5040	NULL
8205AABFFE	TTILJSZ	TILJ	T,[^O]p4{ILJ=1}	0000FFFFFFFFF000000		v115@9gzhFeywGeg0wwGegli0DeilJeAgH9gTaBezhSLDey?wAeQLFewwUeAgH		[TSZ]!,*p4	99.48%	5014/5040	NULL
8205AABFFF	TTILJSZ	TILJ	T,[^O]p4{ILJ=1}	1		v115@9gh0Heg0Ieg0wwGeglywzhilJeAgH		[TSZ]!,*p4	98.89%	4984/5040	NULL
8205AAEFFE	TTILJSZ	TILS	T,[^O]p4{ILS=1}	082BF3A83FFFF0E0020		v115@DhzhGeQ4hlFewwR4glEeywQ4glJeAgHOhgWRpFeglA?egWFehlwSQLKeAgH		[TJZ]!,*p4	100.00%	5040/5040	8205ABBBFE
8205AAEFFF	TTILJSZ	TILS	T,[^O]p4{ILS=1}	1		v115@EhhlwhHeglwhEeR4wwglwhDeR4ywwhJeAgH		[TJZ]!,*p4	99.84%	5032/5040	8205ABBBFF
8205AAFBFE	TTILJSZ	TILZ	T,[^O]p4{ILZ=1}	0FFFFFEFBFFFFFEBFBE		v115@9gwhilFewhglAtGewhBtwwFewhAtywOeAgH+gSaFew?hAegWGexhAeQaFeAtwhAeRaOeAgH+gCtFeQaAeQpGeQawSH?eAPxSQeAgH		[TJS]!,*p4	100.00%	5040/5040	8205ABAFFE
8205AAFBFF	TTILJSZ	TILZ	T,[^O]p4{ILZ=1}	00FCE0D37FFFF397F4D		v115@9gwhHeAtwhwwFeBtwhxwEeAtglwhwwEeilJeAgH		[TJS]!,*p4	100.00%	5040/5040	8205ABAFFF
8205ABAFFE	TTILJSZ	TIJS	T,[^O]p4{IJS=1}	0FBFFFFFFFFFEBFFEBE		v115@Dhi0whGeQ4g0whFewwR4whEeywQ4whJeAgHDhSLHeQ?aAewwFeglAegWwwEehlAegWAtJeAgHDhCtHeQaAeQLHewhQ?LGexhAPJeAgH		[TLZ]!,*p4	100.00%	5040/5040	8205AAFBFE
8205ABAFFF	TTILJSZ	TIJS	T,[^O]p4{IJS=1}	034FC70FFFFCD5CFD4D		v115@9gQ4HewhR4Fewwwhg0Q4Eexwwhi0EewwwhJeAgH		[TLZ]!,*p4	100.00%	5040/5040	8205AAFBFF
8205ABBBFE	TTILJSZ	TIJZ	T,[^O]p4{IJZ=1}	0BF9CA0FFFFE0700020		v115@9gzhFeh0AtGeg0BtwwFeg0AtywOeAgHHhRawhHewhA?eQaGeglwhRaOeAgH		[TLS]!,*p4	100.00%	5040/5040	8205AAEFFE
8205ABBBFF	TTILJSZ	TIJZ	T,[^O]p4{IJZ=1}	1		v115@9gwhh0Gewhg0Hewhg0wwBtEewhywBtNeAgH		[TLS]!,*p4	99.84%	5032/5040	8205AAEFFF
8205ABEBFF	TTILJSZ	TISZ	T,[^O]p4{ISZ=1}	1		v115@9gBtHewwBtGexwR4FewwR4CezhJeAgH		[TLJ]!,*p4	100.00%	5040/5040	NULL
8205AEAFFF	TTILJSZ	TLJS	T,[^O]p4{LJS=1}	1		v115@9gh0R4Feg0R4Geg0wwGeglywDeilJeAgH		[TIZ]!,*p4	100.00%	5040/5040	8205AEBBFF
8205AEBBFF	TTILJSZ	TLJZ	T,[^O]p4{LJZ=1}	1		v115@DhBthlGeBtglg0Gewwgli0DeywJeAgH		[TIS]!,*p4	100.00%	5040/5040	8205AEAFFF
8205AEEBFF	TTILJSZ	TLSZ	T,[^O]p4{LSZ=1}	1		v115@DhBthlGeBtglFeR4wwglEeR4ywJeAgH		[TIJ]!,*p4	100.00%	5040/5040	8205AFABFF
8205AFABFF	TTILJSZ	TJSZ	T,[^O]p4{JSZ=1}	1		v115@9gh0R4Feg0R4Geg0wwBtFeywBtOeAgH		[TIL]!,*p4	100.00%	5040/5040	8205AEEBFF
8205EAFFFE	TTILJSZ	TIL	T,[^O]p3{IL=1}	0547BFD		v115@9gglIeglHewwhlFexwzhEewwJeAgH		[TJSZ]!,*p3	100.00%	5040/5040	8205EBBFFE
8205EAFFFF	TTILJSZ	TIL	T,[^O]p4{TIL=1}	0A28A2AFC7ABF1C01C7		v115@FhhlIeglHewwglzhCeywJeAgH		T,[JSZ]!,*p3	100.00%	1260/1260	8205EBBFFF
8205EBBFFE	TTILJSZ	TIJ	T,[^O]p3{IJ=1}	051E7FD		v115@Ghg0wwHeg0xwFeh0wwEezhJeAgH		[TLSZ]!,*p3	100.00%	5040/5040	8205EAFFFE
8205EBBFFF	TTILJSZ	TIJ	T,[^O]p4{TIJ=1}	0A28ABF1E8AFE38070E		v115@9gh0Heg0Ieg0wwHeywCezhJeAgH		T,[LSZ]!,*p3	100.00%	1260/1260	8205EAFFFF
8205EBEFFF	TTILJSZ	TIS	T,[^O]p3{IS=1}	1		v115@HhwwIexwR4FewwR4CezhJeAgH		[TLJZ]!,*p3	100.00%	5040/5040	8205EBFBFF
8205EBFBFF	TTILJSZ	TIZ	T,[^O]p3{IZ=1}	1		v115@QhwwFeBtxwzhCeBtwwJeAgH		[TLJS]!,*p3	100.00%	5040/5040	8205EBEFFF
8205EEBFFF	TTILJSZ	TLJ	T,[^O]p3{LJ=1}	1		v115@FhhlIeglg0Gewwgli0DeywJeAgH		[TISZ]!,*p3	100.00%	5040/5040	NULL
8205EEEFFF	TTILJSZ	TLS	T,[^O]p3{LS=1}	1		v115@FhhlIeglFeR4wwglEeR4ywJeAgH		[TIJZ]!,*p3	100.00%	5040/5040	8205EFBBFF
8205EFBBFF	TTILJSZ	TJZ	T,[^O]p3{JZ=1}	1		v115@9gh0Heg0Ieg0wwBtFeywBtOeAgH		[TILS]!,*p3	100.00%	5040/5040	8205EEEFFF
8209AABFFF	TTILJSO	TILJ	T,[^Z]p4{ILJ=1}	1		v115@FhhlIeglg0Gewwgli0zhywJeAgH		[TSO]!,*p4	99.17%	4998/5040	8211AABFFF
8209AAEFFE	TTILJSO	TILS	T,[^Z]p4{ILS=1}	082BF3A83FFFF0E0020		v115@DhzhGeQ4hlFewwR4glEeywQ4glJeAgHOhgWRpFeglA?egWFehlwSQLKeAgH		[TJO]!,*p4	100.00%	5040/5040	8211ABBBFE
8209AAEFFF	TTILJSO	TILS	T,[^Z]p4{ILS=1}	1		v115@EhhlwhFeR4glwhEeR4wwglwhFeywwhJeAgH		[TJO]!,*p4	100.00%	5040/5040	8211ABBBFF
8209AAFEFF	TTILJSO	TILO	T,[^Z]p4{ILO=1}	1		v115@9gwhGehlwhHeglwhRpEewwglwhRpDeywJeAgH		[TJS]!,*p4	100.00%	5040/5040	8211ABBEFF
8209ABAFFE	TTILJSO	TIJS	T,[^Z]p4{IJS=1}	0FBFFFFFFFFFEBFFEBE		v115@Dhi0whGeQ4g0whFewwR4whEeywQ4whJeAgHDhSLHeQ?aAewwFeglAegWwwEehlAegWAtJeAgHDhCtHeQaAeQLHewhQ?LGexhAPJeAgH		[TLO]!,*p4	100.00%	5040/5040	8211AAFBFE
8209ABAFFF	TTILJSO	TIJS	T,[^Z]p4{IJS=1}	1		v115@9gh0R4Eewhg0R4Fewhg0wwGewhywFewhJeAgH		[TLO]!,*p4	99.25%	5002/5040	8211AAFBFF
8209ABBEFD	TTILJSO	TIJO	T,[^Z]p4{IJO=1}	03F0008FEB88800E008		v115@DhzhGeRpg0FewwRpg0Eeywh0JeAgH		[TLS]!,*p4	100.00%	5040/5040	8211AAFEFD
8209ABBEFE	TTILJSO	TIJO	T,[^Z]p4{IJO=1}	0BF9CA0FC0020700020		v115@9gzhFei0GeRpg0wwFeRpywOeAgH		[TLS]!,*p4	100.00%	5040/5040	8211AAFEFE
8209ABBEFF	TTILJSO	TIJO	T,[^Z]p4{IJO=1}	1		v115@9gwhh0Gewhg0Hewhg0wwEeRpwhywDeRpJeAgH		[TLS]!,*p4	99.64%	5022/5040	8211AAFEFF
8209ABEEFE	TTILJSO	TISO	T,[^Z]p4{ISO=1}	0FC383FFFF000E3F000		v115@9gwwHewhxwGewhwwR4DeRpwhR4EeRpwhJeAgH		[TLJ]!,*p4	100.00%	5040/5040	8211ABFAFE
8209ABEEFF	TTILJSO	TISO	T,[^Z]p4{ISO=1}	1		v115@GhwhIewhCeR4wwAeRpwhBeR4ywRpwhJeAgH		[TLJ]!,*p4	99.76%	5028/5040	8211ABFAFF
8209AEAFFF	TTILJSO	TLJS	T,[^Z]p4{LJS=1}	1		v115@Ehi0glGeQ4g0glFewwR4hlDeywQ4JeAgH9gQ4FegHB?PwwQ4FewDAPAtQ4EeQLgWQLBtg0CeQLBegWJeAgH		[TIO]!,*p4	99.88%	5034/5040	8211AEBBFF
8209AEBEFC	TTILJSO	TLJO	T,[^Z]p4{LJO=1}	03FFC0EFFFFFFBFA38E		v115@9gilGeglRpFewwg0RpEexwi0FewwJeAgH9gCtGewhA?eQpGewSAeQaGeCPQeAgH		[TIS]!,*p4	99.84%	5032/5040	8211AEBEFD
8209AEBEFD	TTILJSO	TLJO	T,[^Z]p4{LJO=1}	000000000FC3FFFF000		v115@FhRpGewwRpg0Eeywgli0DeilJeAgH		[TIS]!,*p4	99.76%	5028/5040	8211AEBEFC
8209AEBEFE	TTILJSO	TLJO	T,[^Z]p4{LJO=1}	000FC0300FC3FFFF0C3		v115@Ehi0wwFeRpg0xwEeRpglwwFeilJeAgH		[TIS]!,*p4	99.64%	5022/5040	8211AEBEFE
8209AEBEFF	TTILJSO	TLJO	T,[^Z]p4{LJO=1}	0FFFFF2FCE03FB8ACB2		v115@9gg0Iei0FewwRpBeglCexwRpilDewwJeAgH		[TIS]!,*p4	98.17%	4948/5040	8211AEBEFF
8209AEEEFE	TTILJSO	TLSO	T,[^Z]p4{LSO=1}	000000000003FFFF000		v115@DhR4RpEeR4wwRpFeywglGeilJeAgH		[TIJ]!,*p4	100.00%	5040/5040	8211AFBAFE
8209AEEEFF	TTILJSO	TLSO	T,[^Z]p4{LSO=1}	1		v115@FhhlGeR4glRpDeR4wwglRpEeywJeAgH		[TIJ]!,*p4	100.00%	5040/5040	8211AFBAFF
8209AFAEFE	TTILJSO	TJSO	T,[^Z]p4{JSO=1}	0FFFABFFFFFFFFECB2C		v115@EhywHewwg0RpEeR4g0RpDeR4h0JeAgHEhyhHeglHeg?WAewhFehWQawhJeAgH		[TIL]!,*p4	100.00%	5040/5040	8211AEFAFE
8209AFAEFF	TTILJSO	TJSO	T,[^Z]p4{JSO=1}	1		v115@9gh0R4Feg0R4Geg0wwFeRpywEeRpJeAgH		[TIL]!,*p4	100.00%	5040/5040	8211AEFAFF
8209EAFFFF	TTILJSO	TIL	T,[^Z]p3{IL=1}	1		v115@QhwwilEexwglzhDewwJeAgH		[TJSO]!,*p3	100.00%	5040/5040	8211EBBFFF
8209EBBFFF	TTILJSO	TIJ	T,[^Z]p3{IJ=1}	1		v115@9gwhh0Gewhg0Hewhg0wwGewhywPeAgH		[TLSO]!,*p3	99.88%	5034/5040	8211EAFFFF
8209EBEFFF	TTILJSO	TIS	T,[^Z]p3{IS=1}	1		v115@GhwhIewhAeR4wwEewhR4ywDewhJeAgH		[TLJO]!,*p3	100.00%	5040/5040	8211EBFBFF
8209EBFEFF	TTILJSO	TIO	T,[^Z]p3{IO=1}	1		v115@9gwhIewhIewhRpEewwAewhRpDeywJeAgH		[TLJS]!,*p3	100.00%	5040/5040	8211EBFEFF
8209EEBFFF	TTILJSO	TLJ	T,[^Z]p3{LJ=1}	1		v115@FhhlIeglg0Gewwgli0DeywJeAgH		[TISO]!,*p3	99.13%	4996/5040	8211EEBFFF
8209EEFEFF	TTILJSO	TLO	T,[^Z]p3{LO=1}	1		v115@FhhlIeglRpFewwglRpEeywJeAgH		[TIJS]!,*p3	100.00%	5040/5040	8211EFBEFF
8209EFAFFE	TTILJSO	TJS	T,[^Z]p3{JS=1}	0BFFFEA		v115@EhywHewwg0GeR4g0FeR4h0JeAgHEhyhHeglHegWAew?hFehWQawhJeAgH		[TILO]!,*p3	100.00%	5040/5040	8211EEFBFE
8209EFAFFF	TTILJSO	TJS	T,[^Z]p3{JS=1}	1		v115@9gh0R4Feg0R4Geg0wwHeywQeAgH		[TILO]!,*p3	100.00%	5040/5040	8211EEFBFF
8209EFBEFF	TTILJSO	TJO	T,[^Z]p3{JO=1}	1		v115@9gh0Heg0Ieg0wwFeRpywEeRpJeAgH		[TILS]!,*p3	100.00%	5040/5040	8211EEFEFF
8209EFEEFF	TTILJSO	TSO	T,[^Z]p3{SO=1}	1		v115@RhRpDeR4wwAeRpCeR4ywJeAgH		[TILJ]!,*p3	100.00%	5040/5040	8211EFFAFF
8211AABFFF	TTILJZO	TILJ	T,[^S]p4{ILJ=1}	1		v115@9gh0Heg0Ieg0wwGeglywzhilJeAgH		[TZO]!,*p4	99.05%	4992/5040	8209AABFFF
8211AAFBFE	TTILJZO	TILZ	T,[^S]p4{ILZ=1}	0FBFFFFFBFFFFBFBFBE		v115@9gwhilFewhglAtGewhBtwwFewhAtywOeAgH+gSaFew?hAegWGexhAeQaFeAtwhAeRaOeAgH+gCtFeQaAeQpGeQawSH?eAPxSQeAgH		[TJO]!,*p4	100.00%	5040/5040	8209ABAFFE
8211AAFBFF	TTILJZO	TILZ	T,[^S]p4{ILZ=1}	1		v115@9gwhEeBthlwhFeBtglwhGewwglwhFeywJeAgH		[TJO]!,*p4	99.25%	5002/5040	8209ABAFFF
8211AAFEFD	TTILJZO	TILO	T,[^S]p4{ILO=1}	00FC00823FAE2003808		v115@9gzhFeglRpGeglRpwwFehlywOeAgH		[TJZ]!,*p4	100.00%	5040/5040	8209ABBEFD
8211AAFEFE	TTILJZO	TILO	T,[^S]p4{ILO=1}	0AFCEA083F000380020		v115@DhzhGeilFewwglRpEeywRpJeAgH		[TJZ]!,*p4	100.00%	5040/5040	8209ABBEFE
8211AAFEFF	TTILJZO	TILO	T,[^S]p4{ILO=1}	1		v115@EhhlwhHeglwhRpEewwglwhRpDeywwhJeAgH		[TJZ]!,*p4	99.64%	5022/5040	8209ABBEFF
8211ABBBFE	TTILJZO	TIJZ	T,[^S]p4{IJZ=1}	082FE72FFFFE01C0020		v115@9gzhFeh0AtGeg0BtwwFeg0AtywOeAgHHhRawhHewhA?eQaGeglwhRaOeAgH		[TLO]!,*p4	100.00%	5040/5040	8209AAEFFE
8211ABBBFF	TTILJZO	TIJZ	T,[^S]p4{IJZ=1}	1		v115@9gwhh0Gewhg0BtFewhg0wwBtEewhywPeAgH		[TLO]!,*p4	100.00%	5040/5040	8209AAEFFF
8211ABBEFF	TTILJZO	TIJO	T,[^S]p4{IJO=1}	1		v115@9gh0Gewhg0Hewhg0wwEeRpwhywDeRpwhJeAgH		[TLZ]!,*p4	100.00%	5040/5040	8209AAFEFF
8211ABFAFE	TTILJZO	TIZO	T,[^S]p4{IZO=1}	0FC383FFFF000E3F000		v115@9gwhHewwwhGexwwhRpDeBtwwwhRpEeBtJeAgH		[TLJ]!,*p4	100.00%	5040/5040	8209ABEEFE
8211ABFAFF	TTILJZO	TIZO	T,[^S]p4{IZO=1}	1		v115@9gwhIewhIewhRpAewwBtCewhRpywBtLeAgH		[TLJ]!,*p4	99.76%	5028/5040	8209ABEEFF
8211AEBBFF	TTILJZO	TLJZ	T,[^S]p4{LJZ=1}	1		v115@9gilGeglAtGeg0BtwwFeg0AtywDeh0JeAgH9gBtgWF?eBtAPFeAtgWglwhQLEeAtAPwhBeQLCeglBPJeAgH		[TIO]!,*p4	99.88%	5034/5040	8209AEAFFF
8211AEBEFC	TTILJZO	TLJO	T,[^S]p4{LJO=1}	0000000FFFFC03F0000		v115@9gRpHeRpwwGeg0ywEegli0DeilJeAgH		[TIZ]!,*p4	99.96%	5038/5040	8209AEBEFD
8211AEBEFD	TTILJZO	TLJO	T,[^S]p4{LJO=1}	03FFC0BFEFEBFFFF2CB		v115@Ehi0wwFeRpg0xwEeRpglwwFeilJeAgHEhCPGeQaAew?SGeQpAewhGeCtJeAgH		[TIZ]!,*p4	99.84%	5032/5040	8209AEBEFC
8211AEBEFE	TTILJZO	TLJO	T,[^S]p4{LJO=1}	03F000CFFFFC03F030C		v115@9gilGeglRpFewwg0RpEexwi0FewwJeAgH		[TIZ]!,*p4	99.64%	5022/5040	8209AEBEFE
8211AEBEFF	TTILJZO	TLJO	T,[^S]p4{LJO=1}	0FFFFF8FEE2BF380E38		v115@GhglwwFeilxwCeg0BeRpwwDei0RpJeAgH		[TIZ]!,*p4	99.09%	4994/5040	8209AEBEFF
8211AEFAFE	TTILJZO	TLZO	T,[^S]p4{LZO=1}	0FEFEBFFFFB3FFFFB2C		v115@9gywGeglwwHeglBtEeRphlBtDeRpJeAgH9gySHeQaH?eglAewhGeglQpxhPeAgH		[TIJ]!,*p4	100.00%	5040/5040	8209AFAEFE
8211AEFAFF	TTILJZO	TLZO	T,[^S]p4{LZO=1}	1		v115@DhBthlGeBtglRpFewwglRpEeywJeAgH		[TIJ]!,*p4	100.00%	5040/5040	8209AFAEFF
8211AFBAFE	TTILJZO	TJZO	T,[^S]p4{JZO=1}	0000000000FFFFC0000		v115@9gRpBtFeRpwwBtEeg0ywFei0QeAgH		[TIL]!,*p4	100.00%	5040/5040	8209AEEEFE
8211AFBAFF	TTILJZO	TJZO	T,[^S]p4{JZO=1}	1		v115@9gh0Heg0BtGeg0wwBtDeRpywEeRpJeAgH		[TIL]!,*p4	100.00%	5040/5040	8209AEEEFF
8211EAFFFF	TTILJZO	TIL	T,[^S]p3{IL=1}	1		v115@EhhlwhHeglwhGewwglwhFeywwhJeAgH		[TJZO]!,*p3	99.88%	5034/5040	8209EBBFFF
8211EBBFFF	TTILJZO	TIJ	T,[^S]p3{IJ=1}	1		v115@HhwwIexwEei0wwDezhg0JeAgH		[TLZO]!,*p3	100.00%	5040/5040	8209EAFFFF
8211EBFBFF	TTILJZO	TIZ	T,[^S]p3{IZ=1}	1		v115@9gwhIewhIewhEewwBtAewhDeywBtJeAgH		[TLJO]!,*p3	100.00%	5040/5040	8209EBEFFF
8211EBFEFF	TTILJZO	TIO	T,[^S]p3{IO=1}	1		v115@GhwhIewhAewwEeRpwhywDeRpwhJeAgH		[TLJZ]!,*p3	100.00%	5040/5040	8209EBFEFF
8211EEBFFF	TTILJZO	TLJ	T,[^S]p3{LJ=1}	1		v115@9gh0Heg0Ieg0wwGeglywDeilJeAgH		[TIZO]!,*p3	99.13%	4996/5040	8209EEBFFF
8211EEFBFE	TTILJZO	TLZ	T,[^S]p3{LZ=1}	0BFEFFA		v115@9gywGeglwwHeglBtGehlBtPeAgH9gySHeQaHeglAew?hGeglQpxhPeAgH		[TIJO]!,*p3	100.00%	5040/5040	8209EFAFFE
8211EEFBFF	TTILJZO	TLZ	T,[^S]p3{LZ=1}	1		v115@DhBthlGeBtglHewwglGeywJeAgH		[TIJO]!,*p3	100.00%	5040/5040	8209EFAFFF
8211EEFEFF	TTILJZO	TLO	T,[^S]p3{LO=1}	1		v115@FhhlIeglRpFewwglRpEeywJeAgH		[TIJZ]!,*p3	100.00%	5040/5040	8209EFBEFF
8211EFBEFF	TTILJZO	TJO	T,[^S]p3{JO=1}	1		v115@9gh0Heg0Ieg0wwFeRpywEeRpJeAgH		[TILZ]!,*p3	100.00%	5040/5040	8209EEFEFF
8211EFFAFF	TTILJZO	TZO	T,[^S]p3{ZO=1}	1		v115@ShwwBtDeRpywBtCeRpJeAgH		[TILJ]!,*p3	100.00%	5040/5040	8209EFEEFF
8221AAEFFE	TTILSZO	TILS	T,[^J]p4{ILS=1}	0820AFCE83F00038020		v115@9gzhFeilGeglR4wwFeR4ywOeAgH		[TZO]!,*p4	96.94%	4886/5040	8241ABBBFE
8221AAEFFF	TTILSZO	TILS	T,[^J]p4{ILS=1}	1		v115@EhhlwhHeglwhEeR4wwglwhDeR4ywwhJeAgH		[TZO]!,*p4	94.44%	4760/5040	8241ABBBFF
8221AAFBFF	TTILSZO	TILZ	T,[^J]p4{ILZ=1}	1		v115@9gwhEeBthlwhFeBtglwhGewwglwhFeywJeAgH		[TSO]!,*p4	94.80%	4778/5040	8241ABAFFF
8221AAFEFD	TTILSZO	TILO	T,[^J]p4{ILO=1}	000000003FFFFFFFFC0		v115@EhilFewwglRpEeywRpFezhJeAgHEhxhQaGewhAegWH?eQagWFeyhKeAgH9gglRpDexSQaglRpwwBeQLxSQahlywSLg?WQazhBeiWQaJeAgH		[TSZ]!,*p4	97.94%	4936/5040	8241ABBEFD
8221AAFEFE	TTILSZO	TILO	T,[^J]p4{ILO=1}	0AFCEA8A3FAE2383828		v115@DhzhGeilFewwglRpEeywRpJeAgH9gzhBeTaglRpDei?WglRpwwBeQLgWxShlywSLxSJeAgH		[TSZ]!,*p4	97.26%	4902/5040	8241ABBEFE
8221AAFEFF	TTILSZO	TILO	T,[^J]p4{ILO=1}	1		v115@EhhlwhHeglwhRpEewwglwhRpDeywwhJeAgH		[TSZ]!,*p4	95.67%	4822/5040	8241ABBEFF
8221ABEBFF	TTILSZO	TISZ	T,[^J]p4{ISZ=1}	1		v115@9gBtGewhwwBtFewhxwR4EewhwwR4FewhJeAgH		[TLO]!,*p4	100.00%	5040/5040	8241ABEBFF
8221ABEEFE	TTILSZO	TISO	T,[^J]p4{ISO=1}	03F1C00FFFFC070FC00		v115@9gwwHewhxwGewhwwR4DeRpwhR4EeRpwhJeAgH		[TLZ]!,*p4	99.76%	5028/5040	8241ABFAFE
8221ABEEFF	TTILSZO	TISO	T,[^J]p4{ISO=1}	1		v115@GhwhwwHewhxwR4CeRpwhwwR4DeRpwhJeAgH		[TLZ]!,*p4	99.25%	5002/5040	8241ABFAFF
8221ABFAFF	TTILSZO	TIZO	T,[^J]p4{IZO=1}	1		v115@9gBtGewhwwBtFewhxwEeRpwhwwFeRpwhJeAgH		[TLS]!,*p4	98.69%	4974/5040	8241ABEEFF
8221AEEBFF	TTILSZO	TLSZ	T,[^J]p4{LSZ=1}	1		v115@DhBthlGeBtglFeR4wwglEeR4ywJeAgH		[TIO]!,*p4	97.98%	4938/5040	8241AFABFF
8221AEEEFB	TTILSZO	TLSO	T,[^J]p4{LSO=1}	0FFFFC0FC0000000000		v115@9gilGeglywFeRpwwR4EeRpR4PeAgH		[TIZ]!,*p4	99.84%	5032/5040	8241AFBAFB
8221AEEEFC	TTILSZO	TLSO	T,[^J]p4{LSO=1}	000000000003FFFF000		v115@DhR4RpEeR4wwRpFeywglGeilJeAgH		[TIZ]!,*p4	99.64%	5022/5040	8241AFBAFC
8221AEEEFD	TTILSZO	TLSO	T,[^J]p4{LSO=1}	01CFC0771FD7FFFF1C7		v115@BhR4DeglRpR4EeglRpwwFehlywOeAgH		[TIZ]!,*p4	96.63%	4870/5040	8241AFBAFD
8221AEEEFE	TTILSZO	TLSO	T,[^J]p4{LSO=1}	03F7000FEE280000000		v115@9gwwHeglxwEeilwwR4EeRpR4FeRpJeAgH		[TIZ]!,*p4	96.55%	4866/5040	8241AFBAFE
8221AEEEFF	TTILSZO	TLSO	T,[^J]p4{LSO=1}	0FFFFF8FEE2BF380E38		v115@OhilDeR4wwglRpCeR4ywRpJeAgH		[TIZ]!,*p4	96.19%	4848/5040	8241AFBAFF
8221AEFAFC	TTILSZO	TLZO	T,[^J]p4{LZO=1}	000001C7F503FFFF000		v115@FhRpGewwRpDeBtywglEeBtilJeAgH		[TIS]!,*p4	99.48%	5014/5040	8241AFAEFC
8221AEFAFD	TTILSZO	TLZO	T,[^J]p4{LZO=1}	071FD5C3F04FFFFF4D3		v115@GhAtFeRpBtEewwRpAtglDeywilJeAgH		[TIS]!,*p4	99.05%	4992/5040	8241AFAEFD
8221AEFAFE	TTILSZO	TLZO	T,[^J]p4{LZO=1}	0FFFFFFB8AE3FE00E38		v115@BhBtIeBtilFewwglRpEeywRpJeAgH		[TIS]!,*p4	96.63%	4870/5040	8241AFAEFE
8221AEFAFF	TTILSZO	TLZO	T,[^J]p4{LZO=1}	0FEE2BFFFFB38FC0B2C		v115@9gilGeglAtHeBtwwEeRpAtywDeRpJeAgH		[TIS]!,*p4	95.52%	4814/5040	8241AFAEFF
8221AFEAFF	TTILSZO	TSZO	T,[^J]p4{SZO=1}	1		v115@9gBtHewwBtGexwR4DeRpwwR4EeRpJeAgH		[TIL]!,*p4	100.00%	5040/5040	8241AFEAFF
8221EBEFFE	TTILSZO	TIS	T,[^J]p3{IS=1}	00FF0F0		v115@9gwwHewhxwGewhwwR4FewhR4GewhJeAgH		[TLZO]!,*p3	98.21%	4950/5040	8241EBFBFE
8221EBEFFF	TTILSZO	TIS	T,[^J]p3{IS=1}	1		v115@9gwhGeR4whFeR4wwwhGexwwhHewwJeAgH		[TLZO]!,*p3	97.70%	4924/5040	8241EBFBFF
8221EBFBFE	TTILSZO	TIZ	T,[^J]p3{IZ=1}	03FC1E0		v115@9gwhHewwwhGexwwhFeBtwwwhGeBtJeAgH		[TLSO]!,*p3	98.89%	4984/5040	8241EBEFFE
8221EBFBFF	TTILSZO	TIZ	T,[^J]p3{IZ=1}	1		v115@9gBtGewhwwBtFewhxwGewhwwHewhJeAgH		[TLSO]!,*p3	95.99%	4838/5040	8241EBEFFF
8221EBFEFF	TTILSZO	TIO	T,[^J]p3{IO=1}	1		v115@GhwhwwHewhxwEeRpwhwwFeRpwhJeAgH		[TLSZ]!,*p3	97.06%	4892/5040	8241EBFEFF
8221EEFEFF	TTILSZO	TLO	T,[^J]p3{LO=1}	0000FF0		v115@FhRpGewwRpFeywglGeilJeAgH		[TISZ]!,*p3	98.21%	4950/5040	8241EFBEFF
8221EFEEFF	TTILSZO	TSO	T,[^J]p3{SO=1}	0783FC0		v115@9gwwIexwHewwR4EeRpR4FeRpJeAgH		[TILZ]!,*p3	99.25%	5002/5040	8241EFFAFF
8221EFFAFF	TTILSZO	TZO	T,[^J]p3{ZO=1}	1		v115@9gBtHewwBtGexwFeRpwwGeRpJeAgH		[TILS]!,*p3	99.84%	5032/5040	8241EFEEFF
8241ABAFFF	TTIJSZO	TIJS	T,[^L]p4{IJS=1}	1		v115@9gh0R4Eewhg0R4Fewhg0wwGewhywFewhJeAgH		[TZO]!,*p4	94.80%	4778/5040	8221AAFBFF
8241ABBBFE	TTIJSZO	TIJZ	T,[^L]p4{IJZ=1}	082BF3A80FC000E0020		v115@DhzhGei0FewwBtg0EeywBtJeAgH		[TSO]!,*p4	96.94%	4886/5040	8221AAEFFE
8241ABBBFF	TTIJSZO	TIJZ	T,[^L]p4{IJZ=1}	1		v115@9gwhh0Gewhg0Hewhg0wwBtEewhywBtNeAgH		[TSO]!,*p4	94.44%	4760/5040	8221AAEFFF
8241ABBEFD	TTIJSZO	TIJO	T,[^L]p4{IJO=1}	000000003FFFFFFFFC0		v115@9gi0GeRpg0wwFeRpywEezhPeAgH9gQLxSGegWAewSG?egWQpIeywPeAgH9gQaxSDeRpg0QaxSQLBewwRpg0QagHSLy?wh0QaiHBezhJeAgH		[TSZ]!,*p4	97.94%	4936/5040	8221AAFEFD
8241ABBEFE	TTIJSZO	TIJO	T,[^L]p4{IJO=1}	0AFCEA8A3FAE2383828		v115@9gzhFei0GeRpg0wwFeRpywOeAgH9gTaBezhiHDeRpg?0xSgHQLBewwRpg0xSSLywh0JeAgH		[TSZ]!,*p4	97.26%	4902/5040	8221AAFEFE
8241ABBEFF	TTIJSZO	TIJO	T,[^L]p4{IJO=1}	1		v115@9gwhh0Gewhg0Hewhg0wwEeRpwhywDeRpJeAgH		[TSZ]!,*p4	95.67%	4822/5040	8221AAFEFF
8241ABEBFF	TTIJSZO	TISZ	T,[^L]p4{ISZ=1}	1		v115@9gwhGeR4whFeR4wwwhEeBtxwwhFeBtwwJeAgH		[TJO]!,*p4	100.00%	5040/5040	8221ABEBFF
8241ABEEFF	TTIJSZO	TISO	T,[^L]p4{ISO=1}	1		v115@9gwhGeR4whFeR4wwwhRpEexwwhRpFewwJeAgH		[TJZ]!,*p4	98.69%	4974/5040	8221ABFAFF
8241ABFAFE	TTIJSZO	TIZO	T,[^L]p4{IZO=1}	0FC383FFFF000E3F000		v115@9gwhHewwwhGexwwhRpDeBtwwwhRpEeBtJeAgH		[TJS]!,*p4	99.76%	5028/5040	8221ABEEFE
8241ABFAFF	TTIJSZO	TIZO	T,[^L]p4{IZO=1}	1		v115@9gwhIewhHewwwhRpCeBtxwwhRpDeBtwwJeAgH		[TJS]!,*p4	99.25%	5002/5040	8221ABEEFF
8241AFABFF	TTIJSZO	TJSZ	T,[^L]p4{JSZ=1}	1		v115@9gh0R4Feg0R4Geg0wwBtFeywBtOeAgH		[TIO]!,*p4	97.98%	4938/5040	8221AEEBFF
8241AFAEFC	TTIJSZO	TJSO	T,[^L]p4{JSO=1}	000000071FD7FFFF000		v115@9gRpHeRpwwGeg0ywR4Dei0R4OeAgH		[TIZ]!,*p4	99.48%	5014/5040	8221AEFAFC
8241AFAEFD	TTIJSZO	TJSO	T,[^L]p4{JSO=1}	05CFD5370FC3FFFF4D3		v115@9gQ4IeR4RpFeg0Q4RpwwEei0ywNeAgH		[TIZ]!,*p4	99.05%	4992/5040	8221AEFAFD
8241AFAEFE	TTIJSZO	TJSO	T,[^L]p4{JSO=1}	0FFFFF8FEE2BF380E38		v115@BhR4Dei0R4EeRpg0wwFeRpywOeAgH		[TIZ]!,*p4	96.63%	4870/5040	8221AEFAFE
8241AFAEFF	TTIJSZO	TJSO	T,[^L]p4{JSO=1}	0BF72ACFFFFDC3F0B2C		v115@Ehi0HeQ4g0RpEewwR4RpDeywQ4JeAgH		[TIZ]!,*p4	95.52%	4814/5040	8221AEFAFF
8241AFBAFB	TTIJSZO	TJZO	T,[^L]p4{JZO=1}	0FFFFFF000000000000		v115@Ehi0Feywg0EeBtwwRpFeBtRpJeAgH		[TIS]!,*p4	99.84%	5032/5040	8221AEEEFB
8241AFBAFC	TTIJSZO	TJZO	T,[^L]p4{JZO=1}	000000000003FFFF000		v115@9gRpBtFeRpwwBtEeg0ywFei0QeAgH		[TIS]!,*p4	99.68%	5024/5040	8221AEEEFC
8241AFBAFD	TTIJSZO	TJZO	T,[^L]p4{JZO=1}	070FC1C7F51FFFFF1C7		v115@BhBtIeBtRpg0FewwRpg0Eeywh0JeAgH		[TIS]!,*p4	96.63%	4870/5040	8221AEEEFD
8241AFBAFE	TTIJSZO	TJZO	T,[^L]p4{JZO=1}	0FCE03FB8A000000000		v115@9gg0Hewwi0EexwRpEeBtwwRpFeBtJeAgH		[TIS]!,*p4	96.55%	4866/5040	8221AEEEFE
8241AFBAFF	TTIJSZO	TJZO	T,[^L]p4{JZO=1}	0FFFFFFB8AE3FE00E38		v115@Hhi0GeRpg0wwBtDeRpywBtMeAgH		[TIS]!,*p4	96.19%	4848/5040	8221AEEEFF
8241AFEAFF	TTIJSZO	TSZO	T,[^L]p4{SZO=1}	1		v115@FhR4GeR4wwRpDeBtxwRpEeBtwwJeAgH		[TIJ]!,*p4	100.00%	5040/5040	8221AFEAFF
8241EBEFFE	TTIJSZO	TIS	T,[^L]p3{IS=1}	00FF0F0		v115@9gwwHewhxwGewhwwR4FewhR4GewhJeAgH		[TJZO]!,*p3	98.89%	4984/5040	8221EBFBFE
8241EBEFFF	TTIJSZO	TIS	T,[^L]p3{IS=1}	1		v115@9gwhGeR4whFeR4wwwhGexwwhHewwJeAgH		[TJZO]!,*p3	95.99%	4838/5040	8221EBFBFF
8241EBFBFE	TTIJSZO	TIZ	T,[^L]p3{IZ=1}	03FC1E0		v115@9gwhHewwwhGexwwhFeBtwwwhGeBtJeAgH		[TJSO]!,*p3	98.21%	4950/5040	8221EBEFFE
8241EBFBFF	TTIJSZO	TIZ	T,[^L]p3{IZ=1}	1		v115@9gBtGewhwwBtFewhxwGewhwwHewhJeAgH		[TJSO]!,*p3	97.74%	4926/5040	8221EBEFFF
8241EBFEFF	TTIJSZO	TIO	T,[^L]p3{IO=1}	1		v115@9gwhIewhHewwwhRpEexwwhRpFewwJeAgH		[TJSZ]!,*p3	97.06%	4892/5040	8221EBFEFF
8241EFBEFF	TTIJSZO	TJO	T,[^L]p3{JO=1}	0000FF0		v115@9gRpHeRpwwGeg0ywFei0QeAgH		[TISZ]!,*p3	98.21%	4950/5040	8221EEFEFF
8241EFEEFF	TTIJSZO	TSO	T,[^L]p3{SO=1}	1		v115@FhR4GeR4wwRpFexwRpGewwJeAgH		[TIJZ]!,*p3	99.84%	5032/5040	8221EFFAFF
8241EFFAFF	TTIJSZO	TZO	T,[^L]p3{ZO=1}	0F0FF00		v115@GhwwHexwRpEeBtwwRpFeBtJeAgH		[TIJS]!,*p3	99.25%	5002/5040	8221EFEEFF
8281AEAFFF	TTLJSZO	TLJS	T,[^I]p4{LJS=1}	1		v115@9gh0R4Feg0R4Geg0wwGeglywDeilJeAgH		[TZO]!,*p4	98.06%	4942/5040	8281AEBBFF
8281AEBBFF	TTLJSZO	TLJZ	T,[^I]p4{LJZ=1}	1		v115@DhBthlGeBtglg0Gewwgli0DeywJeAgH		[TSO]!,*p4	98.06%	4942/5040	8281AEAFFF
8281AEBEFE	TTLJSZO	TLJO	T,[^I]p4{LJO=1}	00FFF0F3FFFFFFFFFCF		v115@9gilGeglRpFewwg0RpEexwi0FewwJeAgH9giWDei0Q?pxSDeRpwhQaglwSDeQpgWwSQahHDehlwSJeAgH		[TSZ]!,*p4	97.94%	4936/5040	NULL
8281AEBEFF	TTLJSZO	TLJO	T,[^I]p4{LJO=1}	0FFFFFAEBFAE2FEB8BA		v115@9gg0Gehli0FeglRpFewwglRpEeywJeAgH+gg0FegWB?ehHDehlAeQpglFegWwhhlwwDeQLhWJeAgH		[TSZ]!,*p4	95.04%	4790/5040	NULL
8281AEEBFF	TTLJSZO	TLSZ	T,[^I]p4{LSZ=1}	1		v115@DhBthlGeBtglFeR4wwglEeR4ywJeAgH		[TJO]!,*p4	100.00%	5040/5040	8281AFABFF
8281AEEEFD	TTLJSZO	TLSO	T,[^I]p4{LSO=1}	0FFFFC0FC0000000000		v115@9gilGeglywFeRpwwR4EeRpR4PeAgH		[TJZ]!,*p4	100.00%	5040/5040	8281AFBAFD
8281AEEEFE	TTLJSZO	TLSO	T,[^I]p4{LSO=1}	0000000000000FFFFC0		v115@DhR4RpEeR4wwRpFeywglGeilJeAgH		[TJZ]!,*p4	99.76%	5028/5040	8281AFBAFE
8281AEEEFF	TTLJSZO	TLSO	T,[^I]p4{LSO=1}	1		v115@FhhlIeglRpDeR4wwglRpCeR4ywJeAgH		[TJZ]!,*p4	98.10%	4944/5040	8281AFBAFF
8281AEFAFE	TTLJSZO	TLZO	T,[^I]p4{LZO=1}	0FEBFBFFFFB2CFFFFEC		v115@9gywGeglwwHeglBtEeRphlBtDeRpJeAgH9gySHeQaH?eglAewhGeglQpxhPeAgH		[TJS]!,*p4	99.64%	5022/5040	8281AFAEFE
8281AEFAFF	TTLJSZO	TLZO	T,[^I]p4{LZO=1}	1		v115@DhBthlGeBtglRpFewwglRpEeywJeAgH		[TJS]!,*p4	99.40%	5010/5040	8281AFAEFF
8281AFABFF	TTLJSZO	TJSZ	T,[^I]p4{JSZ=1}	1		v115@9gh0R4Feg0R4Geg0wwBtFeywBtOeAgH		[TLO]!,*p4	100.00%	5040/5040	8281AEEBFF
8281AFAEFE	TTLJSZO	TJSO	T,[^I]p4{JSO=1}	0BFFEACFFFFFFFFFB2C		v115@EhywHewwg0RpEeR4g0RpDeR4h0JeAgHEhyhHeglHeg?WAewhFehWQawhJeAgH		[TLZ]!,*p4	99.64%	5022/5040	8281AEFAFE
8281AFAEFF	TTLJSZO	TJSO	T,[^I]p4{JSO=1}	1		v115@9gh0R4Feg0R4Geg0wwFeRpywEeRpJeAgH		[TLZ]!,*p4	99.40%	5010/5040	8281AEFAFF
8281AFBAFD	TTLJSZO	TJZO	T,[^I]p4{JZO=1}	0FFFFFF000000000000		v115@Ehi0Feywg0EeBtwwRpFeBtRpJeAgH		[TLS]!,*p4	100.00%	5040/5040	8281AEEEFD
8281AFBAFE	TTLJSZO	TJZO	T,[^I]p4{JZO=1}	000000000003FFFF000		v115@9gRpBtFeRpwwBtEeg0ywFei0QeAgH		[TLS]!,*p4	99.76%	5028/5040	8281AEEEFE
8281AFBAFF	TTLJSZO	TJZO	T,[^I]p4{JZO=1}	1		v115@9gh0Heg0Ieg0wwBtDeRpywBtCeRpJeAgH		[TLS]!,*p4	98.10%	4944/5040	8281AEEEFF
8281AFEAFF	TTLJSZO	TSZO	T,[^I]p4{SZO=1}	1		v115@9gBtHewwBtGexwR4DeRpwwR4EeRpJeAgH		[TLJ]!,*p4	100.00%	5040/5040	NULL
8281EEEFFF	TTLJSZO	TLS	T,[^I]p3{LS=1}	1		v115@FhhlIeglFeR4wwglEeR4ywJeAgH		[TJZO]!,*p3	99.05%	4992/5040	8281EFBBFF
8281EEFBFF	TTLJSZO	TLZ	T,[^I]p3{LZ=1}	0BFEBFE		v115@9gywGeglwwHeglBtGehlBtPeAgH9gySHeQaHeglAew?hGeglQpxhPeAgH		[TJSO]!,*p3	99.72%	5026/5040	8281EFAFFF
8281EEFEFF	TTLJSZO	TLO	T,[^I]p3{LO=1}	1		v115@FhhlIeglRpFewwglRpEeywJeAgH		[TJSZ]!,*p3	100.00%	5040/5040	8281EFBEFF
8281EFAFFF	TTLJSZO	TJS	T,[^I]p3{JS=1}	0AFFFFA		v115@EhywHewwg0GeR4g0FeR4h0JeAgHEhyhHeglHegWAew?hFehWQawhJeAgH		[TLZO]!,*p3	99.72%	5026/5040	8281EEFBFF
8281EFBBFF	TTLJSZO	TJZ	T,[^I]p3{JZ=1}	1		v115@9gh0Heg0Ieg0wwBtFeywBtOeAgH		[TLSO]!,*p3	99.05%	4992/5040	8281EEEFFF
8281EFBEFF	TTLJSZO	TJO	T,[^I]p3{JO=1}	1		v115@9gh0Heg0Ieg0wwFeRpywEeRpJeAgH		[TLSZ]!,*p3	100.00%	5040/5040	8281EEFEFF
8281EFEEFF	TTLJSZO	TSO	T,[^I]p3{SO=1}	1		v115@FhR4GeR4wwRpFexwRpGewwJeAgH		[TLJZ]!,*p3	100.00%	5040/5040	8281EFFAFF
8281EFFAFF	TTLJSZO	TZO	T,[^I]p3{ZO=1}	1		v115@9gBtHewwBtGexwFeRpwwGeRpJeAgH		[TLJS]!,*p3	100.00%	5040/5040	8281EFEEFF
8405B6BFFF	TIILJSZ	IILJ	I,[^O]p5{TILJ=1}	0A28A00A28A00A28AF3AF3033A28AF3AF3033A28AF3AF3033000033033033		v115@FhxhHexhilBei0xhglFeg0xhJeAgH		[TSZ]!{2:T=1},*p4	95.48%	3208/3360	NULL
8405B6EFFE	TIILJSZ	IILS	I,[^O]p4{ILS=1}	0EBFFFFEAFE72BF9CBA		v115@EhQ4hlGeR4glDezhQ4glFezhJeAgH		[TJZ]!,*p4	99.09%	4994/5040	8405B7BBFE
8405B6EFFF	TIILJSZ	IILS	I,[^O]p4{ILS=1}	0343F3837FFFF4E7F4D		v115@9gglQ4GewhglR4FewhhlQ4Fe0hEewhJeAgH		[TJZ]!,*p4	98.57%	4968/5040	8405B7BBFF
8405B6FBFE	TIILJSZ	IILZ	I,[^O]p4{ILZ=1}	00FCE0D37FFFF397F4D		v115@EhAtxhFeBtxhFeAtglxhEeilxhJeAgH		[TJS]!,*p4	98.65%	4972/5040	8405B7AFFE
8405B6FBFF	TIILJSZ	IILZ	I,[^O]p4{ILZ=1}	0FFFFF2CBF0E0FEB8B2		v115@9gilGeglAtHeBtzhDeAtzhOeAgH		[TJS]!,*p4	97.54%	4916/5040	8405B7AFFF
8405B7AFFE	TIILJSZ	IIJS	I,[^O]p4{IJS=1}	034FC70FFFFCD5CFD4D		v115@9gxhQ4GexhR4Fexhg0Q4Fexhi0OeAgH		[TLZ]!,*p4	98.65%	4972/5040	8405B6FBFE
8405B7AFFF	TIILJSZ	IIJS	I,[^O]p4{IJS=1}	0CBFFFF3F1C32BF72B2		v115@Ehi0HeQ4g0DezhR4EezhQ4JeAgH		[TLZ]!,*p4	97.54%	4916/5040	8405B6FBFF
8405B7BBFE	TIILJSZ	IIJZ	I,[^O]p4{IJZ=1}	0FFFFFAFEB8BAFEE2BA		v115@9gh0AtGeg0BtGeg0AtzhDezhPeAgH		[TLS]!,*p4	99.09%	4994/5040	8405B6EFFE
8405B7BBFF	TIILJSZ	IIJZ	I,[^O]p4{IJZ=1}	03F1C0DFFFFCD71FD4D		v115@9gwhGeAtg0whFeBtg0whFeAth0whEezhJeAgH		[TLS]!,*p4	98.57%	4968/5040	8405B6EFFF
8405B7EBFF	TIILJSZ	IISZ	I,[^O]p4{ISZ=1}	1		v115@BhBtCewhEeBtBewhDeR4CewhCeR40hJeAgH9gwhCeR?pCeQawhBeR4BPBeQawhCexSCeQayhhHRpSaJeAgH		[TLJ]!,*p4	99.37%	5008/5040	NULL
8405BAAFFD	TIILJSZ	ILJS	I,[^O]p4{LJS=1}	01C73F05CFD7FFFF1C7		v115@9gglQ4HeglR4GehlQ4Dei0zhEeg0JeAgH		[TIZ]!,*p4	98.93%	4986/5040	8405BABBFD
8405BAAFFE	TIILJSZ	ILJS	I,[^O]p4{LJS=1}	034FDC0FFFFD73F534D		v115@9gQ4HewhR4Gewhg0Q4Feglwhi0CeilwhJeAgH		[TIZ]!,*p4	95.20%	4798/5040	8405BABBFE
8405BAAFFF	TIILJSZ	ILJS	I,[^O]p4{LJS=1}	1		v115@9gilg0FeglR4g0FeR4h0FezhPeAgH9gBtwwwhFeAtB?eAPFeQaQLBPZeAgH		[TIZ]!,*p4	94.17%	4746/5040	8405BABBFF
8405BABBFD	TIILJSZ	ILJZ	I,[^O]p4{LJZ=1}	03F700DFFFFDC7F534D		v115@FhAtg0GeBtg0ilDeAth0glEezhJeAgH		[TIS]!,*p4	98.93%	4986/5040	8405BAAFFD
8405BABBFE	TIILJSZ	ILJZ	I,[^O]p4{LJZ=1}	01CFC0771FD7FFFF1C7		v115@9gwhHeAtwhGeBtwhg0FeAtglwhi0CeilJeAgH		[TIS]!,*p4	95.20%	4798/5040	8405BAAFFE
8405BABBFF	TIILJSZ	ILJZ	I,[^O]p4{LJZ=1}	1		v115@Dhgli0FeglBtg0FehlBtFezhJeAgHDhglgWBPFeAtB?eAPFeBtglgWTeAgH		[TIS]!,*p4	94.17%	4746/5040	8405BAAFFF
8405BAEBFD	TIILJSZ	ILSZ	I,[^O]p4{LSZ=1}	000E0003F0078FD5041		v115@9gglQ4BtFeglR4BtEehlQ4GezhPeAgH		[TIJ]!,*p4	100.00%	5040/5040	8405BBABFD
8405BAEBFE	TIILJSZ	ILSZ	I,[^O]p4{LSZ=1}	071FD5C3F04FFFFF4D3		v115@9gglQ4HeglR4GehlQ4BtEezhBtNeAgH		[TIJ]!,*p4	99.96%	5038/5040	8405BBABFE
8405BAEBFF	TIILJSZ	ILSZ	I,[^O]p4{LSZ=1}	0FFFFFFB8AE3FE00E38		v115@9gwhilFewhglAtGewhBtR4EewhAtR4PeAgH		[TIJ]!,*p4	99.92%	5036/5040	8405BBABFF
8405BBABFD	TIILJSZ	IJSZ	I,[^O]p4{JSZ=1}	003F000E00FF8A82082		v115@DhR4Atg0EeR4Btg0GeAth0FezhJeAgH		[TIL]!,*p4	100.00%	5040/5040	8405BAEBFD
8405BBABFE	TIILJSZ	IJSZ	I,[^O]p4{JSZ=1}	0E3F038FD5FFFFC71C7		v115@FhAtg0GeBtg0EeR4Ath0DeR4zhJeAgH		[TIL]!,*p4	99.96%	5038/5040	8405BAEBFE
8405BBABFF	TIILJSZ	IJSZ	I,[^O]p4{JSZ=1}	0FF8ABFFFFE3F02CB2C		v115@Dhi0whGeQ4g0whEeBtR4whFeBtQ4whJeAgH		[TIL]!,*p4	99.92%	5036/5040	8405BAEBFF
8409B6BFFF	TIILJSO	IILJ	I,[^Z]p4{ILJ=1}	1		v115@9gwhh0Gewhg0BeglEewhg0ilEe0hOeAgH		[TSO]!,*p4	89.09%	4490/5040	8411B6BFFF
8409B6EFFD	TIILJSO	IILS	I,[^Z]p4{ILS=1}	0EBFFFFEAFE72BF9CBA		v115@EhQ4hlGeR4glDezhQ4glFezhJeAgH		[TJO]!,*p4	100.00%	5040/5040	8411B7BBFD
8409B6EFFE	TIILJSO	IILS	I,[^Z]p4{ILS=1}	0203F0022FE72001C08		v115@BhzhR4GeR4glGeilFezhJeAgH		[TJO]!,*p4	98.06%	4942/5040	8411B7BBFE
8409B6EFFF	TIILJSO	IILS	I,[^Z]p4{ILS=1}	0343F3837FFFF4E7F4D		v115@9gwhGeR4whFeR4glwhFeilwhEezhJeAgH		[TJO]!,*p4	97.26%	4902/5040	8411B7BBFF
8409B6FEFE	TIILJSO	IILO	I,[^Z]p4{ILO=1}	00FCE0D37FFFF397F4D		v115@9gglRpGeglRpGehlzhDezhPeAgH		[TJS]!,*p4	99.72%	5026/5040	8411B7BEFE
8409B6FEFF	TIILJSO	IILO	I,[^Z]p4{ILO=1}	1		v115@EhhlwhFeRpglwhFeRpglwhEe0hJeAgH		[TJS]!,*p4	98.65%	4972/5040	8411B7BEFF
8409B7AFFE	TIILJSO	IIJS	I,[^Z]p4{IJS=1}	0DFFFFF7F7F77FFFFF7		v115@9gh0Fexhg0Gexhg0R4EexhR4FexhJeAgH/gR4DeRaA?eR4EeRaAehHxhCeRahHxhDeRaJeAgH		[TLO]!,*p4	99.17%	4998/5040	8411B6FBFE
8409B7AFFF	TIILJSO	IIJS	I,[^Z]p4{IJS=1}	034FC70FFFFCD5CFD4D		v115@9gQ4GexhR4Fexhg0Q4Fexhi0EexhJeAgH		[TLO]!,*p4	97.26%	4902/5040	8411B6FBFF
8409B7BEFE	TIILJSO	IIJO	I,[^Z]p4{IJO=1}	03F1C0DFFFFCD71FD4D		v115@9gwhGeRpwhGeRpwhFei0whDezhg0JeAgH		[TLS]!,*p4	99.76%	5028/5040	8411B6FEFE
8409B7BEFF	TIILJSO	IIJO	I,[^Z]p4{IJO=1}	1		v115@9gh0Gewhg0RpFewhg0RpFe0hEewhJeAgH		[TLS]!,*p4	99.01%	4990/5040	8411B6FEFF
8409B7EEFF	TIILJSO	IISO	I,[^Z]p4{ISO=1}	1		v115@9gxhHexhHexhRpAeR4CexhRpR4NeAgH		[TLJ]!,*p4	98.93%	4986/5040	8411B7FAFF
8409BAAFFF	TIILJSO	ILJS	I,[^Z]p4{LJS=1}	1		v115@9gilg0FeglR4g0FeR4h0FezhPeAgH9gBtwwwhFeAtB?eAPFeQaQLBPZeAgH		[TIO]!,*p4	93.57%	4716/5040	8411BABBFF
8409BABEFF	TIILJSO	ILJO	I,[^Z]p4{LJO=1}	1		v115@9gh0hlFeg0RpglFeg0RpglFezhPeAgH9gAPwSwhAtF?eAPBeAtFeAPQaQpAtZeAgH9ggWxSgHBeglRpg0gWxSgHBeg?lRpg0hWhHBehlh0TaBezhJeAgH		[TIS]!,*p4	94.17%	4746/5040	8411BABEFF
8409BAEEFF	TIILJSO	ILSO	I,[^Z]p4{LSO=1}	1		v115@EhQ4hlGeR4glRpFeQ4glRpDezhJeAgH		[TIJ]!,*p4	100.00%	5040/5040	8411BBBAFF
8409BBAEFD	TIILJSO	IJSO	I,[^Z]p4{JSO=1}	0FFFFFF000FC0030C30		v115@Ehi0GeR4g0FeR4RpDezhRpJeAgH		[TIL]!,*p4	100.00%	5040/5040	8411BAFAFD
8409BBAEFE	TIILJSO	IJSO	I,[^Z]p4{JSO=1}	0FF8ABFFFFE3F02CB2C		v115@Ehi0FeRpQ4g0FeRpR4EezhQ4JeAgH		[TIL]!,*p4	99.68%	5024/5040	8411BAFAFE
8409BBAEFF	TIILJSO	IJSO	I,[^Z]p4{JSO=1}	0E3F578FC0FFFFD34D3		v115@9gQ4HewhR4Gewhg0Q4EeRpwhi0DeRpwhJeAgH		[TIL]!,*p4	99.25%	5002/5040	8411BAFAFF
8411B6BFFF	TIILJZO	IILJ	I,[^S]p4{ILJ=1}	1		v115@EhhlwhEeg0BeglwhEei0glwhEe0hJeAgH		[TZO]!,*p4	89.09%	4490/5040	8409B6BFFF
8411B6FBFE	TIILJZO	IILZ	I,[^S]p4{ILZ=1}	0DFFFFFDDFDFDFFFFF7		v115@9gxhFehlxhGeglxhEeBtglxhFeBtJeAgH9gRaDeBtB?eRaEeBtAeRaCexhxSAeRaDexhxSJeAgH		[TJO]!,*p4	99.17%	4998/5040	8409B7AFFE
8411B6FBFF	TIILJZO	IILZ	I,[^S]p4{ILZ=1}	0343F3837FFFF4E7F4D		v115@9gxhGeAtxhFeBtxhFeAtglxhEeilJeAgH		[TJO]!,*p4	97.26%	4902/5040	8409B7AFFF
8411B6FEFE	TIILJZO	IILO	I,[^S]p4{ILO=1}	00FCE0D37FFFF397F4D		v115@9gRpGewhRpGewhilFewhglzhDewhJeAgH		[TJZ]!,*p4	99.76%	5028/5040	8409B7BEFE
8411B6FEFF	TIILJZO	IILO	I,[^S]p4{ILO=1}	1		v115@9gwhGehlwhFeRpglwhFeRpglwhEezhJeAgH		[TJZ]!,*p4	99.01%	4990/5040	8409B7BEFF
8411B7BBFD	TIILJZO	IIJZ	I,[^S]p4{IJZ=1}	0EBFFFFBF9CBABF72BA		v115@9gh0AtGeg0BtGeg0AtzhDezhPeAgH		[TLO]!,*p4	100.00%	5040/5040	8409B6EFFD
8411B7BBFE	TIILJZO	IIJZ	I,[^S]p4{IJZ=1}	020FC00BF9C88007008		v115@9gBtzhDeg0BtGei0GezhPeAgH		[TLO]!,*p4	98.06%	4942/5040	8409B6EFFE
8411B7BBFF	TIILJZO	IIJZ	I,[^S]p4{IJZ=1}	034FC70FFFFCD5CFD4D		v115@9gBtGewhg0BtFewhi0Fe0hEewhJeAgH		[TLO]!,*p4	97.26%	4902/5040	8409B6EFFF
8411B7BEFE	TIILJZO	IIJO	I,[^S]p4{IJO=1}	03F1C0DFFFFCD71FD4D		v115@EhRpg0GeRpg0Dezhh0FezhJeAgH		[TLZ]!,*p4	99.72%	5026/5040	8409B6FEFE
8411B7BEFF	TIILJZO	IIJO	I,[^S]p4{IJO=1}	1		v115@9gwhh0Gewhg0RpFewhg0RpFe0hOeAgH		[TLZ]!,*p4	98.65%	4972/5040	8409B6FEFF
8411B7FAFF	TIILJZO	IIZO	I,[^S]p4{IZO=1}	1		v115@FhxhHexhCeBtAeRpxhDeBtRpxhJeAgH		[TLJ]!,*p4	98.93%	4986/5040	8409B7EEFF
8411BABBFF	TIILJZO	ILJZ	I,[^S]p4{LJZ=1}	1		v115@Dhgli0FeglBtg0FehlBtFezhJeAgHDhglgWBPFeAtB?eAPFeBtglgWTeAgH		[TIO]!,*p4	93.57%	4716/5040	8409BAAFFF
8411BABEFF	TIILJZO	ILJO	I,[^S]p4{LJO=1}	1		v115@Dhh0hlFeg0RpglFeg0RpglFezhJeAgHDhAPwSwhAtF?eAPBeAtFeAPQaQpAtTeAgH9gglRpg0BegWxSgHglRpg0Beg?WxSgHhlh0BehWhHzhBeTaJeAgH		[TIZ]!,*p4	94.17%	4746/5040	8409BABEFF
8411BAFAFD	TIILJZO	ILZO	I,[^S]p4{LZO=1}	0FFFFFF000C3F000C30		v115@9gilGeglBtGeRpBtFeRpzhNeAgH		[TIJ]!,*p4	100.00%	5040/5040	8409BBAEFD
8411BAFAFE	TIILJZO	ILZO	I,[^S]p4{LZO=1}	0FEE2BFFFFB38FC0B2C		v115@9gilGeglAtRpFeBtRpFeAtzhOeAgH		[TIJ]!,*p4	99.68%	5024/5040	8409BBAEFE
8411BAFAFF	TIILJZO	ILZO	I,[^S]p4{LZO=1}	071FD5C3F04FFFFF4D3		v115@9gwhHeAtwhGeBtwhRpEeAtglwhRpDeilJeAgH		[TIJ]!,*p4	99.25%	5002/5040	8409BBAEFF
8411BBBAFF	TIILJZO	IJZO	I,[^S]p4{JZO=1}	1		v115@9gh0AtGeg0BtGeg0AtFeRpzhDeRpJeAgH		[TIL]!,*p4	100.00%	5040/5040	8409BAEEFF
8605B9BFFF	TILLJSZ	ILLJ	L,[^O]p4{ILJ=1}	1		v115@9ghlwhGehlwhGehlwhg0Fehlwhi0NeAgH		[TSZ]!,*p4	96.19%	4848/5040	8805BA7FFF
8605B9EFFE	TILLJSZ	ILLS	L,[^O]p4{ILS=1}	0CBFFFFC8FC70BF9CB2		v115@9gilwhFeglR4whFeR4glwhFeilwhPeAgH		[TJZ]!,*p4	99.76%	5028/5040	8805BB7BFE
8605B9EFFF	TILLJSZ	ILLS	L,[^O]p4{ILS=1}	1		v115@9gzhFeglQ4HeglR4BeglDehlQ4ilNeAgH		[TJZ]!,*p4	99.01%	4990/5040	8805BB7BFF
8605B9FBFD	TILLJSZ	ILLZ	L,[^O]p4{ILZ=1}	053BF40000000FEB880		v115@9gilGeglAtBeglEeBtilEeAtzhOeAgH		[TJS]!,*p4	99.76%	5028/5040	8805BB6FFD
8605B9FBFE	TILLJSZ	ILLZ	L,[^O]p4{ILZ=1}	1		v115@9gwhHeAtwhGeBtwhilDeAtglwhglEeilJeAgH		[TJS]!,*p4	98.41%	4960/5040	8805BB6FFE
8605B9FBFF	TILLJSZ	ILLZ	L,[^O]p4{ILZ=1}	0FFFFF2CBF0E0FEB8B2		v115@9gwhGehlwhHeglwhilCeBtglwhglFeBtJeAgH		[TJS]!,*p4	98.02%	4940/5040	8805BB6FFF
8605BAAFFE	TILLJSZ	ILJS	L,[^O]p4{IJS=1}	0EBFFFFBF9CBAFFFFFA		v115@Dhi0whFeglQ4g0whFeglR4whFehlQ4whJeAgHDhSLG?eAtQawhg0FeAtBewhFeAtAeQLwhJeAgHDhxwh0GewhAeQLG?eRLGeQLSaJeAgH		[TLZ]!,*p4	99.52%	5016/5040	8805BABBFE
8605BAAFFF	TILLJSZ	ILJS	L,[^O]p4{IJS=1}	034FC70FFFFCD5CFD4D		v115@9gwhQ4HewhR4Gewhg0Q4Feglwhi0CeilJeAgH		[TLZ]!,*p4	99.29%	5004/5040	8805BABBFF
8605BABBFE	TILLJSZ	ILJZ	L,[^O]p4{IJZ=1}	0FFFFF2FC3832FEE2B2		v115@9gwhFeh0AtwhFeg0BtwhFeg0AtglwhFeilJeAgH		[TLS]!,*p4	99.76%	5028/5040	8805BAAFFE
8605BABBFF	TILLJSZ	ILJZ	L,[^O]p4{IJZ=1}	1		v115@9gwhHeAtwhGeBtwhg0FeAtglwhi0CeilJeAgH		[TLS]!,*p4	97.94%	4936/5040	8805BAAFFF
8605BAEBFE	TILLJSZ	ILSZ	L,[^O]p4{ISZ=1}	0FC383FFFF34DE3F54D		v115@9gzhFeglQ4BtFeglR4BtEehlQ4QeAgH		[TLJ]!,*p4	100.00%	5040/5040	8805BBABFE
8605BAEBFF	TILLJSZ	ILSZ	L,[^O]p4{ISZ=1}	0FFFFFF0E0CB2FF8AB2		v115@EhR4AtFeR4BtDezhAtglGeilJeAgH		[TLJ]!,*p4	99.21%	5000/5040	8805BBABFF
8605BDAFFD	TILLJSZ	LLJS	L,[^O]p4{LJS=1}	0E3FFFFBF728FDC0E38		v115@EhilFeg0glR4Feg0R4glEeh0ilJeAgH		[TIZ]!,*p4	100.00%	5040/5040	8805BE7BFD
8605BDAFFE	TILLJSZ	LLJS	L,[^O]p4{LJS=1}	0CBFFFF3F702FDCACB2		v115@9gi0GeglQ4g0GeglR4FeilQ4DeilJeAgH		[TIZ]!,*p4	99.64%	5022/5040	8805BE7BFE
8605BDAFFF	TILLJSZ	LLJS	L,[^O]p4{LJS=1}	034FDC0FFFFD73F534D		v115@9ghlQ4GehlR4Fehlg0Q4Fehli0OeAgH		[TIZ]!,*p4	97.02%	4890/5040	8805BE7BFF
8605BDBBFE	TILLJSZ	LLJZ	L,[^O]p4{LJZ=1}	0FFFFFAFEE2BFB8AEBA		v115@9gh0AtGeg0BtGeg0AtglFejlDeilJeAgH9gBPgWGeA?PAeglGegWAeAtGeglBtQeAgH		[TIS]!,*p4	99.29%	5004/5040	8805BE6FFE
8605BDBBFF	TILLJSZ	LLJZ	L,[^O]p4{LJZ=1}	01CFC0771FD7FFFF1C7		v115@ChBti0FeBtglg0FejlGeilJeAgH		[TIS]!,*p4	95.71%	4824/5040	8805BE6FFF
8605BDEBFE	TILLJSZ	LLSZ	L,[^O]p4{LSZ=1}	0FEE2BFFFFB38FC0B2C		v115@EhilGeglR4BeBtCeR4glCeBtBeilJeAgH		[TIJ]!,*p4	99.44%	5012/5040	8805BF6BFE
8605BDEBFF	TILLJSZ	LLSZ	L,[^O]p4{LSZ=1}	071FD5C7F55FFFFF5D7		v115@GhAtglQ4FeBtglR4EeAtilQ4DeilJeAgH		[TIJ]!,*p4	99.40%	5010/5040	8805BF6BFF
8605BEABFE	TILLJSZ	LJSZ	L,[^O]p4{JSZ=1}	0FF8ABFFFFE3F02CB2C		v115@Ehi0HeQ4g0ilCeBtR4glFeBtQ4JeAgH		[TIL]!,*p4	99.92%	5036/5040	8805BEABFE
8605BEABFF	TILLJSZ	LJSZ	L,[^O]p4{JSZ=1}	0E3F578FC0FFFFD34D3		v115@9gQ4HeAtR4FeBtg0Q4FeAtgli0DeilJeAgH		[TIL]!,*p4	98.33%	4956/5040	8805BEABFF
8609B9BFFF	TILLJSO	ILLJ	L,[^Z]p4{ILJ=1}	1		v115@9gwhhlGewhhlGewhhlg0Fewhhli0NeAgH		[TSO]!,*p4	95.95%	4836/5040	8811BA7FFF
8609B9EFFD	TILLJSO	ILLS	L,[^Z]p4{ILS=1}	0CBFFFFC8FC70BF9CB2		v115@9gilFewhglR4FewhR4glFewhilFewhJeAgH		[TJO]!,*p4	100.00%	5040/5040	8811BB7BFD
8609B9EFFE	TILLJSO	ILLS	L,[^Z]p4{ILS=1}	00400380400FCFFFFC1		v115@FhR4GeR4jlDejlEezhJeAgH		[TJO]!,*p4	98.25%	4952/5040	8811BB7BFE
8609B9EFFF	TILLJSO	ILLS	L,[^Z]p4{ILS=1}	1		v115@9gwhIewhglQ4GewhglR4EeglwhhlQ4CeilJeAgH		[TJO]!,*p4	92.14%	4644/5040	8811BB7BFF
8609B9FEFF	TILLJSO	ILLO	L,[^Z]p4{ILO=1}	1		v115@9gwhFeglRpwhFeglRpwhFeilwhFeilJeAgH		[TJS]!,*p4	99.56%	5018/5040	8811BB7EFF
8609BAAFFE	TILLJSO	ILJS	L,[^Z]p4{IJS=1}	0EBFFFFBF9CBAFFFFFA		v115@Dhi0whFeglQ4g0whFeglR4whFehlQ4whJeAgHDhSLG?eAtQawhg0FeAtBewhFeAtAeQLwhJeAgHDhxwh0GewhAeQLG?eRLGeQLSaJeAgH		[TLO]!,*p4	100.00%	5040/5040	8811BABBFE
8609BAAFFF	TILLJSO	ILJS	L,[^Z]p4{IJS=1}	034FC70FFFFCD5CFD4D		v115@9gwhQ4HewhR4Gewhg0Q4Feglwhi0CeilJeAgH		[TLO]!,*p4	98.57%	4968/5040	8811BABBFF
8609BABEFF	TILLJSO	ILJO	L,[^Z]p4{IJO=1}	1		v115@Dhi0whFeRpg0whFeRpglwhFeilwhJeAgH		[TLS]!,*p4	99.76%	5028/5040	8811BABEFF
8609BAEEFF	TILLJSO	ILSO	L,[^Z]p4{ISO=1}	1		v115@9gRpQ4GeRpR4FeilQ4FeglzhOeAgH		[TLJ]!,*p4	100.00%	5040/5040	8811BBBAFF
8609BDAFFF	TILLJSO	LLJS	L,[^Z]p4{LJS=1}	1		v115@9gQ4GehlR4Fehlg0Q4Fehli0EehlJeAgH9gwDFeg0B?tQLwDEeglwwAtAPwDEeglxwBPgHDeglAewwJeAgHEhwhBPG?ewwAeAPGeAtAeQLGeBtQaJeAgH		[TIO]!,*p4	99.88%	5034/5040	8811BE7BFF
8609BDBEFF	TILLJSO	LLJO	L,[^Z]p4{LJO=1}	1		v115@EhglRpGeglRpg0Feili0DeilJeAgH		[TIS]!,*p4	99.64%	5022/5040	8811BE7EFF
8609BDEEFE	TILLJSO	LLSO	L,[^Z]p4{LSO=1}	0FEE2BFFFFB38FC0B2C		v115@EhilGeglR4EeRpR4glEeRpilJeAgH		[TIJ]!,*p4	100.00%	5040/5040	8811BF7AFE
8609BDEEFF	TILLJSO	LLSO	L,[^Z]p4{LSO=1}	1		v115@EhglRpGeglRpBeR4CeilAeR4DeilJeAgH		[TIJ]!,*p4	99.76%	5028/5040	8811BF7AFF
8609BEAEFE	TILLJSO	LJSO	L,[^Z]p4{JSO=1}	0FF8ABFFFFE3F02CB2C		v115@Ehi0GeglQ4g0RpEeglR4RpEehlQ4JeAgHEhwhBPGew?wAeAPGeAtAeQLGeBtQaJeAgH		[TIL]!,*p4	100.00%	5040/5040	8811BEBAFE
8609BEAEFF	TILLJSO	LJSO	L,[^Z]p4{JSO=1}	0E3F578FC0FFFFD34D3		v115@9gQ4GeRpR4FeRpg0Q4Gegli0DeilJeAgH		[TIL]!,*p4	100.00%	5040/5040	8811BEBAFF
8611B9BFFF	TILLJZO	ILLJ	L,[^S]p4{ILJ=1}	1		v115@EhilGeilFei0glDezhg0glJeAgH		[TZO]!,*p4	95.95%	4836/5040	8809BA7FFF
8611B9FBFE	TILLJZO	ILLZ	L,[^S]p4{ILZ=1}	04D4EFD4C38FCFFFFD3		v115@9gglHeAtglGeBthlFeAtglzhCeilJeAgH		[TJO]!,*p4	98.57%	4968/5040	8809BB6FFE
8611B9FBFF	TILLJZO	ILLZ	L,[^S]p4{ILZ=1}	1		v115@9gwhHeAtwhGeBtwhilDeAtglwhglEeilJeAgH		[TJO]!,*p4	98.25%	4952/5040	8809BB6FFF
8611B9FEFF	TILLJZO	ILLO	L,[^S]p4{ILO=1}	1		v115@9gwhFeglRpwhFeglRpwhFeilwhFeilJeAgH		[TJZ]!,*p4	99.76%	5028/5040	8809BB7EFF
8611BABBFC	TILLJZO	ILJZ	L,[^S]p4{IJZ=1}	0CBFFFF3F1C32BF72B2		v115@Ehh0AtGeg0BtGeg0AtglzhCeilJeAgH		[TLO]!,*p4	99.88%	5034/5040	8809BAAFFC
8611BABBFD	TILLJZO	ILJZ	L,[^S]p4{IJZ=1}	0040070003F015CFD41		v115@FhAtg0GeBtg0ilDeAth0glEezhJeAgH		[TLO]!,*p4	97.78%	4928/5040	8809BAAFFD
8611BABBFE	TILLJZO	ILJZ	L,[^S]p4{IJZ=1}	04D39FD0E3F13FFFFD3		v115@9gh0GeAtg0GeBtg0GeAtglzhCeilJeAgH		[TLO]!,*p4	97.34%	4906/5040	8809BAAFFE
8611BABBFF	TILLJZO	ILJZ	L,[^S]p4{IJZ=1}	03CFCFCFFFFCFFFFFCF		v115@EhAtBeglEeBtBeglEeAti0hlCezhg0JeAgH		[TLO]!,*p4	97.14%	4896/5040	8809BAAFFF
8611BABEFF	TILLJZO	ILJO	L,[^S]p4{IJO=1}	1		v115@9gwhFei0whFeRpg0whFeRpglwhFeilJeAgH		[TLZ]!,*p4	99.56%	5018/5040	8809BABEFF
8611BAFAFF	TILLJZO	ILZO	L,[^S]p4{IZO=1}	1		v115@9gwhHeAtwhGeBtwhRpEeAtglwhRpDeilJeAgH		[TLJ]!,*p4	100.00%	5040/5040	8809BBAEFF
8611BDBBFD	TILLJZO	LLJZ	L,[^S]p4{LJZ=1}	0CBFFFF3F702FDCACB2		v115@9gh0AtGeg0BtglFeg0AthlFeklOeAgH		[TIO]!,*p4	99.88%	5034/5040	8809BE6FFD
8611BDBBFE	TILLJZO	LLJZ	L,[^S]p4{LJZ=1}	05D73F55CFD7FFFF5D7		v115@9gBtEei0glBtFeg0glHeilEeilJeAgH		[TIO]!,*p4	96.63%	4870/5040	8809BE6FFE
8611BDBBFF	TILLJZO	LLJZ	L,[^S]p4{LJZ=1}	0B2FDCAFFFFC73F0B2C		v115@9gilFeAtglGeBtg0GeAtgli0DeilJeAgH		[TIO]!,*p4	95.79%	4828/5040	8809BE6FFF
8611BDBEFE	TILLJZO	LLJO	L,[^S]p4{LJO=1}	1		v115@EhglRpFeg0glRpFeg0ilEeh0ilJeAgH		[TIZ]!,*p4	100.00%	5040/5040	8809BE7EFE
8611BDBEFF	TILLJZO	LLJO	L,[^S]p4{LJO=1}	1		v115@EhglRpGeglRpg0Feili0DeilJeAgH		[TIZ]!,*p4	99.29%	5004/5040	8809BE7EFF
8611BDFAFD	TILLJZO	LLZO	L,[^S]p4{LZO=1}	0FFFFFF000C3F000C30		v115@9gilGeglBtGeRpBtglEeRpilOeAgH		[TIJ]!,*p4	99.96%	5038/5040	8809BF6EFD
8611BDFAFE	TILLJZO	LLZO	L,[^S]p4{LZO=1}	071FD5C7F55FFFFF5D7		v115@GhAtRpFeBtRpglEeAtjlDeilJeAgH		[TIJ]!,*p4	99.40%	5010/5040	8809BF6EFE
8611BDFAFF	TILLJZO	LLZO	L,[^S]p4{LZO=1}	1		v115@GhAtEeglRpBtEeglRpAtglEeklJeAgH		[TIJ]!,*p4	98.65%	4972/5040	8809BF6EFF
8611BEBAFE	TILLJZO	LJZO	L,[^S]p4{JZO=1}	0FF8ABFFFFE3F02CB2C		v115@Ehh0AtGeg0BtRpEeg0AtglRpEeilJeAgH		[TIL]!,*p4	100.00%	5040/5040	8809BEAEFE
8611BEBAFF	TILLJZO	LJZO	L,[^S]p4{JZO=1}	1		v115@GhAtEei0BtEeRpg0AtglEeRpilJeAgH		[TIL]!,*p4	98.57%	4968/5040	8809BEAEFF
8681ADFBFF	TLLJSZO	TLLZ	L,[^I]p4{TLZ=1}	1		v115@GhAtHeBtilBeywAthlEewwilJeAgH		[JSO]!,*p4	87.46%	4408/5040	8881AF6FFF
8681AEEBFF	TLLJSZO	TLSZ	L,[^I]p4{LSZ=1}	00004070100C00100FF		v115@FhR4GeR4wwilCeBtxwglFeBtwwJeAgH		[LJO]!,*p4	96.35%	4856/5040	8881AFABFF
8681BDAFFE	TLLJSZO	LLJS	L,[^I]p4{LJS=1}	0EBAFFFFEBF3AAFCEBA		v115@9gi0GeglQ4g0GeglR4FeilQ4DeilJeAgH9gwhBPGew?wAeAPGeAtAeQLGeBtQaQeAgH		[TZO]!,*p4	96.07%	4842/5040	8881BE7BFE
8681BDAFFF	TLLJSZO	LLJS	L,[^I]p4{LJS=1}	034D0FCE3FFFF53BF4D		v115@9gQ4GehlR4Fehlg0Q4Fehli0EehlJeAgH		[TZO]!,*p4	92.46%	4660/5040	8881BE7BFF
8681BDBBFE	TLLJSZO	LLJZ	L,[^I]p4{LJZ=1}	0EBFFFFEAFE72BF9CBA		v115@9gh0AtGeg0BtGeg0AtjlDejlPeAgH9gBPgWGeAPAeg?lGegWAeAtGeglBtQeAgH		[TSO]!,*p4	94.72%	4774/5040	8881BE6FFE
8681BDBBFF	TLLJSZO	LLJZ	L,[^I]p4{LJZ=1}	0B2BF3AB3FFFF0E3F2C		v115@9gilFeAtglGeBtg0GeAtgli0DeilJeAgH		[TSO]!,*p4	91.47%	4610/5040	8881BE6FFF
8681BDBEFF	TLLJSZO	LLJO	L,[^I]p4{LJO=1}	1		v115@EhglRpGeglRpg0Feili0DeilJeAgH		[TSZ]!,*p4	96.47%	4862/5040	8881BE7EFF
8681BDEBFD	TLLJSZO	LLSZ	L,[^I]p4{LSZ=1}	0B2FE72FFFFEC1CFC2C		v115@EhilGeglR4BeBtCeR4glCeBtBeilJeAgH		[TJO]!,*p4	97.54%	4916/5040	8881BF6BFD
8681BDEBFE	TLLJSZO	LLSZ	L,[^I]p4{LSZ=1}	0E3FFFFBF9CB83F7038		v115@9gilGeglAtHeBtR4EeglAtR4DeilJeAgH		[TJO]!,*p4	96.63%	4870/5040	8881BF6BFE
8681BDEBFF	TLLJSZO	LLSZ	L,[^I]p4{LSZ=1}	0CBFFFF3F1C32BF72B2		v115@EhR4AtFeR4BtilEeAthlFeilJeAgH		[TJO]!,*p4	93.29%	4702/5040	8881BF6BFF
8681BDEEFE	TLLJSZO	LLSO	L,[^I]p4{LSO=1}	0BF9CACFFFFEC70FC2C		v115@EhilGeglR4RpEeR4glRpEeilJeAgH		[TJZ]!,*p4	99.09%	4994/5040	8881BF7AFE
8681BDEEFF	TLLJSZO	LLSO	L,[^I]p4{LSO=1}	1		v115@EhglRpGeglRpBeR4CeilAeR4DeilJeAgH		[TJZ]!,*p4	95.91%	4834/5040	8881BF7AFF
8681BDFAFF	TLLJSZO	LLZO	L,[^I]p4{LZO=1}	1		v115@EhglRpGeglRpCeBtBeilDeBtAeilJeAgH		[TJS]!,*p4	96.07%	4842/5040	8881BF6EFF
8681BEABFC	TLLJSZO	LJSZ	L,[^I]p4{JSZ=1}	0E3FFFFBF728FDC0E38		v115@Ehh0AtGeg0BtCeR4Beg0AtglBeR4CeilJeAgH		[TLO]!,*p4	97.54%	4916/5040	8881BEABFC
8681BEABFD	TLLJSZO	LJSZ	L,[^I]p4{JSZ=1}	0B2FDCAFFFFC73F0B2C		v115@Ehi0GeglQ4g0BeBtCeglR4CeBtBehlQ4JeAgH		[TLO]!,*p4	95.99%	4838/5040	8881BEABFD
8681BEABFE	TLLJSZO	LJSZ	L,[^I]p4{JSZ=1}	04D73F51CFC3FFFF4D3		v115@9gQ4HeAtR4FeBtg0Q4FeAtgli0DeilJeAgH		[TLO]!,*p4	96.07%	4842/5040	8881BEABFE
8681BEABFF	TLLJSZO	LJSZ	L,[^I]p4{JSZ=1}	0B2FDCAFFFFC73F0B2C		v115@Ehi0HeQ4g0ilCeBtR4glFeBtQ4JeAgH		[TLO]!,*p4	99.88%	5034/5040	8881BEABFF
8681BEAEFE	TLLJSZO	LJSO	L,[^I]p4{JSO=1}	0BF72ACFFFFDC3F0B2C		v115@9gi0GeglQ4g0GeglR4EeRphlQ4EeRpJeAgH		[TLZ]!,*p4	98.37%	4958/5040	8881BEBAFE
8681BEAEFF	TLLJSZO	LJSO	L,[^I]p4{JSO=1}	1		v115@Ehi0GeRpg0BeR4CeRpglAeR4DeilJeAgH		[TLZ]!,*p4	96.31%	4854/5040	8881BEBAFF
8681BEBAFE	TLLJSZO	LJZO	L,[^I]p4{JZO=1}	0FEE2BFFFFB38FC0B2C		v115@Ehh0AtGeg0BtEeRpg0AtglEeRpilJeAgH		[TLS]!,*p4	99.09%	4994/5040	8881BEAEFE
8681BEBAFF	TLLJSZO	LJZO	L,[^I]p4{JZO=1}	1		v115@Ehi0GeRpg0CeBtBeRpglDeBtAeilJeAgH		[TLS]!,*p4	94.37%	4756/5040	8881BEAEFF
8681BEEAFF	TLLJSZO	LSZO	L,[^I]p4{SZO=1}	1		v115@GhAtHeBtRpDeR4AtglRpCeR4ilJeAgH		[TLJ]!,*p4	96.94%	4886/5040	8881BFAAFF
8805BA7FFF	TILJJSZ	ILJJ	J,[^O]p4{ILJ=1}	1		v115@Ehwhh0Gewhh0Feglwhh0Deilwhh0JeAgH		[TSZ]!,*p4	96.19%	4848/5040	8605B9BFFF
8805BAAFFE	TILJJSZ	ILJS	J,[^O]p4{ILS=1}	0CBFFFFC8FC70BF9CB2		v115@9gQ4hlFewhR4glFewhg0Q4glFewhi0FewhJeAgH		[TJZ]!,*p4	99.76%	5028/5040	8605BABBFE
8805BAAFFF	TILJJSZ	ILJS	J,[^O]p4{ILS=1}	1		v115@9gQ4HewhR4Gewhg0Q4Feglwhi0CeilwhJeAgH		[TJZ]!,*p4	97.94%	4936/5040	8605BABBFF
8805BABBFE	TILJJSZ	ILJZ	J,[^O]p4{ILZ=1}	0FFFFFAEBFAE2FFFFFA		v115@9gwhilFewhglAtg0FewhBtg0FewhAth0PeAgH+gSaF?eQpglgWAPFewwBeAPFewwglAeAPPeAgH9gRpxhFeglAeglH?ehlGeSLQaPeAgH		[TJS]!,*p4	99.52%	5016/5040	8605BAAFFE
8805BABBFF	TILJJSZ	ILJZ	J,[^O]p4{ILZ=1}	00FCE0D37FFFF397F4D		v115@FhAtwhGeBtwhg0FeAtglwhi0CeilwhJeAgH		[TJS]!,*p4	99.29%	5004/5040	8605BAAFFF
8805BB6FFD	TILJJSZ	IJJS	J,[^O]p4{IJS=1}	00139FD000000BF7280		v115@Ehi0Eeg0BeQ4g0Eei0R4EezhQ4JeAgH		[TLZ]!,*p4	99.76%	5028/5040	8605B9FBFD
8805BB6FFE	TILJJSZ	IJJS	J,[^O]p4{IJS=1}	1		v115@9gQ4HewhR4Gewhg0Q4Dei0whi0Eeg0whJeAgH		[TLZ]!,*p4	98.41%	4960/5040	8605B9FBFE
8805BB6FFF	TILJJSZ	IJJS	J,[^O]p4{IJS=1}	0CBFFFF3F1C32BF72B2		v115@9gh0Gewhg0Hewhg0R4Cei0whR4Feg0whJeAgH		[TLZ]!,*p4	97.90%	4934/5040	8605B9FBFF
8805BB7BFE	TILJJSZ	IJJZ	J,[^O]p4{IJZ=1}	0FFFFF2FC3832FEE2B2		v115@Dhwhi0FewhBtg0Fewhg0BtFewhi0JeAgH		[TLS]!,*p4	99.76%	5028/5040	8605B9EFFE
8805BB7BFF	TILJJSZ	IJJZ	J,[^O]p4{IJZ=1}	1		v115@DhzhHeAtg0Deg0BeBtg0Dei0Ath0JeAgH		[TLS]!,*p4	99.01%	4990/5040	8605B9EFFF
8805BBABFE	TILJJSZ	IJSZ	J,[^O]p4{ISZ=1}	0FFFFFF0E0CB2FF8AB2		v115@DhzhFeR4Atg0EeR4Btg0GeAth0JeAgH		[TLJ]!,*p4	100.00%	5040/5040	8605BAEBFE
8805BBABFF	TILJJSZ	IJSZ	J,[^O]p4{ISZ=1}	0FC383FFFF34DE3F54D		v115@9gQ4BtGeR4BtFeg0Q4zhDei0QeAgH		[TLJ]!,*p4	99.25%	5002/5040	8605BAEBFF
8805BE6FFE	TILJJSZ	LJJS	J,[^O]p4{LJS=1}	0EBFFFFBF72AFDCAEBA		v115@EhQ4hlGeR4glg0Feg0Q4gli0Dei0JeAgHEhQaBtGeQ?LAeAtGeAPAewwGeBPwhJeAgH		[TIZ]!,*p4	99.29%	5004/5040	8605BDBBFE
8805BE6FFF	TILJJSZ	LJJS	J,[^O]p4{LJS=1}	034FDC0FFFFD73F534D		v115@9gilR4Eeglg0R4Fej0Fei0QeAgH		[TIZ]!,*p4	95.71%	4824/5040	8605BDBBFF
8805BE7BFD	TILJJSZ	LJJZ	J,[^O]p4{LJZ=1}	0FFFFF2FCE03FB8ACB2		v115@9gi0GeBtg0glFeg0BtglFei0hlOeAgH		[TIS]!,*p4	100.00%	5040/5040	8605BDAFFD
8805BE7BFE	TILJJSZ	LJJZ	J,[^O]p4{LJZ=1}	0FFFFF8FEE2BF380E38		v115@EhilGeglAth0FeBtj0DeAth0JeAgH		[TIS]!,*p4	99.64%	5022/5040	8605BDAFFE
8805BE7BFF	TILJJSZ	LJJZ	J,[^O]p4{LJZ=1}	01CFC0771FD7FFFF1C7		v115@EhAth0FeBth0FeAtglh0Eeilh0JeAgH		[TIS]!,*p4	97.02%	4890/5040	8605BDAFFF
8805BEABFE	TILJJSZ	LJSZ	J,[^O]p4{LSZ=1}	0FFFFFFB8AE3FE00E38		v115@9gilGeglAtHeBtR4Cei0AtR4Feg0JeAgH		[TIJ]!,*p4	99.92%	5036/5040	8605BEABFE
8805BEABFF	TILJJSZ	LJSZ	J,[^O]p4{LSZ=1}	070FC1C7F51FFFFF1C7		v115@9gQ4HeAtR4FeBtg0Q4FeAtgli0DeilJeAgH		[TIJ]!,*p4	98.33%	4956/5040	8605BEABFF
8805BF6BFE	TILJJSZ	JJSZ	J,[^O]p4{JSZ=1}	0FFFFFFE2AFF8038E38		v115@9gi0GeBtg0Geg0BtCeR4Bei0BeR4MeAgH		[TIL]!,*p4	99.44%	5012/5040	8605BDEBFE
8805BF6BFF	TILJJSZ	JJSZ	J,[^O]p4{JSZ=1}	0E3F578FD5FFFFD75D7		v115@9gQ4IeR4FeAth0Q4EeBtj0DeAth0JeAgH		[TIL]!,*p4	99.40%	5010/5040	8605BDEBFF
8809BA7FFF	TILJJSO	ILJJ	J,[^Z]p4{ILJ=1}	1		v115@9gi0Gei0Geg0ilFeg0glzhNeAgH		[TSO]!,*p4	95.95%	4836/5040	8611B9BFFF
8809BAAFFC	TILJJSO	ILJS	J,[^Z]p4{ILS=1}	0CBFFFFC8FC70BF9CB2		v115@9gQ4hlGeR4glGeg0Q4glGei0CezhJeAgH		[TJO]!,*p4	99.88%	5034/5040	8611BABBFC
8809BAAFFD	TILJJSO	ILJS	J,[^Z]p4{ILS=1}	00400380400FC4E7F41		v115@9gglQ4HeglR4GehlQ4Dei0zhEeg0JeAgH		[TJO]!,*p4	97.78%	4928/5040	8611BABBFD
8809BAAFFE	TILJJSO	ILJS	J,[^Z]p4{ILS=1}	04D4EFD4C38FCFFFFD3		v115@9gQ4GehlR4Geglg0Q4Gegli0CezhJeAgH		[TJO]!,*p4	97.34%	4906/5040	8611BABBFE
8809BAAFFF	TILJJSO	ILJS	J,[^Z]p4{ILS=1}	03C3FFC3FFFFFFFFFCF		v115@/gQ4IeR4Eeg0ilQ4Eeg0glzhCeh0JeAgH		[TJO]!,*p4	97.14%	4896/5040	8611BABBFF
8809BABEFF	TILJJSO	ILJO	J,[^Z]p4{ILO=1}	1		v115@9gilFewhglRpFewhg0RpFewhi0FewhJeAgH		[TJS]!,*p4	99.56%	5018/5040	8611BABEFF
8809BB6FFE	TILJJSO	IJJS	J,[^Z]p4{IJS=1}	04D39FD0E3F13FFFFD3		v115@9gQ4Heg0R4Geh0Q4Fek0CezhJeAgH		[TLO]!,*p4	98.57%	4968/5040	8611B9FBFE
8809BB6FFF	TILJJSO	IJJS	J,[^Z]p4{IJS=1}	1		v115@9gQ4HewhR4Gewhg0Q4Dei0whi0Eeg0whJeAgH		[TLO]!,*p4	98.25%	4952/5040	8611B9FBFF
8809BB7EFF	TILJJSO	IJJO	J,[^Z]p4{IJO=1}	1		v115@9gRpg0FewhRpg0Fewhi0Fewhi0FewhJeAgH		[TLS]!,*p4	99.76%	5028/5040	8611B9FEFF
8809BBAEFF	TILJJSO	IJSO	J,[^Z]p4{ISO=1}	1		v115@9gQ4HewhR4Gewhg0Q4EeRpwhi0DeRpwhJeAgH		[TLJ]!,*p4	100.00%	5040/5040	8611BAFAFF
8809BE6FFD	TILJJSO	LJJS	J,[^Z]p4{LJS=1}	0E3FFFFBF728FDC0E38		v115@EhQ4hlFeg0R4glFeh0Q4glEek0JeAgH		[TIO]!,*p4	99.88%	5034/5040	8611BDBBFD
8809BE6FFE	TILJJSO	LJJS	J,[^Z]p4{LJS=1}	0B6FDCAFFFFD73F5B6D		v115@9gilEeR4glFeR4h0Hej0Eeh0JeAgH		[TIO]!,*p4	96.35%	4856/5040	8611BDBBFE
8809BE6FFF	TILJJSO	LJJS	J,[^Z]p4{LJS=1}	04D73F51CFC3FFFF4D3		v115@9gQ4Fei0R4Geh0Q4Gegli0DeilJeAgH		[TIO]!,*p4	95.79%	4828/5040	8611BDBBFF
8809BE7EFE	TILJJSO	LJJO	J,[^Z]p4{LJO=1}	1		v115@9gRpg0GeRpg0glFei0glFei0hlOeAgH		[TIS]!,*p4	100.00%	5040/5040	8611BDBEFE
8809BE7EFF	TILJJSO	LJJO	J,[^Z]p4{LJO=1}	1		v115@9gRpg0GeRpg0Gei0Fegli0DeilJeAgH		[TIS]!,*p4	99.29%	5004/5040	8611BDBEFF
8809BEAEFE	TILJJSO	LJSO	J,[^Z]p4{LSO=1}	0FEE2BFFFFB38FC0B2C		v115@9gQ4hlGeR4glGeg0Q4glEeRpi0EeRpJeAgH		[TIJ]!,*p4	100.00%	5040/5040	8611BEBAFE
8809BEAEFF	TILJJSO	LJSO	J,[^Z]p4{LSO=1}	1		v115@9gQ4IeR4ilEeg0Q4glRpEei0RpOeAgH		[TIJ]!,*p4	98.57%	4968/5040	8611BEBAFF
8809BF6EFD	TILJJSO	JJSO	J,[^Z]p4{JSO=1}	0FFFFFF000FC0030C30		v115@Ehi0GeR4g0Eeg0R4RpEei0RpJeAgH		[TIL]!,*p4	99.96%	5038/5040	8611BDFAFD
8809BF6EFE	TILJJSO	JJSO	J,[^Z]p4{JSO=1}	0E3F578FD5FFFFD75D7		v115@9gQ4IeR4FeRpg0Q4Eeg0Rpi0Dei0JeAgH		[TIL]!,*p4	99.40%	5010/5040	8611BDFAFE
8809BF6EFF	TILJJSO	JJSO	J,[^Z]p4{JSO=1}	1		v115@9gQ4IeR4Rpg0Eeg0Q4Rpg0Eek0OeAgH		[TIL]!,*p4	98.65%	4972/5040	8611BDFAFF
8811BA7FFF	TILJJZO	ILJJ	J,[^S]p4{ILJ=1}	1		v115@Ehh0whGeh0whFeglh0whDeilh0whJeAgH		[TZO]!,*p4	95.95%	4836/5040	8609B9BFFF
8811BABBFE	TILJJZO	ILJZ	J,[^S]p4{ILZ=1}	0EBFFFFEAFE72FFFFFA		v115@9gwhilFewhglAtg0FewhBtg0FewhAth0PeAgH+gSaF?eQpglgWAPFewwBeAPFewwglAeAPPeAgH9gRpxhFeglAeglH?ehlGeSLQaPeAgH		[TJO]!,*p4	100.00%	5040/5040	8609BAAFFE
8811BABBFF	TILJJZO	ILJZ	J,[^S]p4{ILZ=1}	0343F3837FFFF4E7F4D		v115@FhAtwhGeBtwhg0FeAtglwhi0CeilwhJeAgH		[TJO]!,*p4	98.57%	4968/5040	8609BAAFFF
8811BABEFF	TILJJZO	ILJO	J,[^S]p4{ILO=1}	1		v115@9gwhilFewhglRpFewhg0RpFewhi0PeAgH		[TJZ]!,*p4	99.76%	5028/5040	8609BABEFF
8811BB7BFD	TILJJZO	IJJZ	J,[^S]p4{IJZ=1}	0CBFFFF3F1C32BF72B2		v115@9gwhFei0whFeBtg0whFeg0BtwhFei0JeAgH		[TLO]!,*p4	100.00%	5040/5040	8609B9EFFD
8811BB7BFE	TILJJZO	IJJZ	J,[^S]p4{IJZ=1}	0040070003F01FFFFC1		v115@9gBtHeg0BtGei0Dei0zhEeg0JeAgH		[TLO]!,*p4	98.25%	4952/5040	8609B9EFFE
8811BB7BFF	TILJJZO	IJJZ	J,[^S]p4{IJZ=1}	1		v115@GhwhGeAtg0whg0EeBtg0whi0CeAth0whJeAgH		[TLO]!,*p4	92.14%	4644/5040	8609B9EFFF
8811BB7EFF	TILJJZO	IJJO	J,[^S]p4{IJO=1}	1		v115@9gRpg0FewhRpg0Fewhi0Fewhi0FewhJeAgH		[TLZ]!,*p4	99.56%	5018/5040	8609B9FEFF
8811BBBAFF	TILJJZO	IJZO	J,[^S]p4{IZO=1}	1		v115@EhAtRpFeBtRpFeAti0Eezhg0JeAgH		[TLJ]!,*p4	100.00%	5040/5040	8609BAEEFF
8811BE7BFF	TILJJZO	LJJZ	J,[^S]p4{LJZ=1}	1		v115@9gh0GeAth0FeBth0FeAtglh0EeilJeAgH9gBPglFeB?PgWg0EeAPglhWg0EeAPAtgWAeg0DegWBtJeAgH9gBtglGeA?tAegWGeglAeAPGegWBPQeAgH		[TIO]!,*p4	99.88%	5034/5040	8609BDAFFF
8811BE7EFF	TILJJZO	LJJO	J,[^S]p4{LJO=1}	1		v115@9gRpg0GeRpg0Gei0Fegli0DeilJeAgH		[TIZ]!,*p4	99.64%	5022/5040	8609BDBEFF
8811BEBAFE	TILJJZO	LJZO	J,[^S]p4{LZO=1}	0FEE2BFFFFB38FC0B2C		v115@9gilGeglAtg0GeBtg0EeRpAth0EeRpJeAgH9gBtglG?eAtAegWGeglAeAPGegWBPQeAgH		[TIJ]!,*p4	100.00%	5040/5040	8609BEAEFE
8811BEBAFF	TILJJZO	LJZO	J,[^S]p4{LZO=1}	071FD5C3F04FFFFF4D3		v115@9gRpGeAtRpFeBtg0GeAtgli0DeilJeAgH		[TIJ]!,*p4	100.00%	5040/5040	8609BEAEFF
8811BF7AFE	TILJJZO	JJZO	J,[^S]p4{JZO=1}	0FF8ABFFFFE3F02CB2C		v115@9gi0GeBtg0Geg0BtRpEei0RpOeAgH		[TIL]!,*p4	100.00%	5040/5040	8609BDEEFE
8811BF7AFF	TILJJZO	JJZO	J,[^S]p4{JZO=1}	1		v115@9gRpg0GeRpg0Gei0CeBtBei0DeBtKeAgH		[TIL]!,*p4	99.76%	5028/5040	8609BDEEFF
8881AF6FFF	TLJJSZO	TJJS	J,[^I]p4{TJS=1}	1		v115@9gQ4IeR4Heg0Q4ywBel0wwEeg0JeAgH		[LZO]!,*p4	87.46%	4408/5040	8681ADFBFF
8881AFABFF	TLJJSZO	TJSZ	J,[^I]p4{JSZ=1}	00004030104C001303F		v115@9gBtHewwBtGexwR4Cei0wwR4Feg0JeAgH		[LJO]!,*p4	96.35%	4856/5040	8681AEEBFF
8881BE6FFE	TLJJSZO	LJJS	J,[^I]p4{LJS=1}	0EBAFFFFEBF3AAFCEBA		v115@EhQ4hlGeR4glDej0Q4glFej0JeAgHEhQaBtGeQLAeA?tGeAPAewwGeBPwhJeAgH		[TZO]!,*p4	94.72%	4774/5040	8681BDBBFE
8881BE6FFF	TLJJSZO	LJJS	J,[^I]p4{LJS=1}	04D353BF40EFCFFFFD3		v115@9gQ4Fei0R4Geh0Q4Gegli0DeilJeAgH		[TZO]!,*p4	91.47%	4610/5040	8681BDBBFF
8881BE7BFE	TLJJSZO	LJJZ	J,[^I]p4{LJZ=1}	0EBFFFFEAFE72BF9CBA		v115@EhilGeglAth0FeBtj0DeAth0JeAgHEhBtglGeAtAeg?WGeglAeAPGegWBPJeAgH		[TSO]!,*p4	96.07%	4842/5040	8681BDAFFE
8881BE7BFF	TLJJSZO	LJJZ	J,[^I]p4{LJZ=1}	01C0EFC1D39FDFFFFC7		v115@9gh0GeAth0FeBth0FeAtglh0EeilJeAgH		[TSO]!,*p4	92.46%	4660/5040	8681BDAFFF
8881BE7EFF	TLJJSZO	LJJO	J,[^I]p4{LJO=1}	1		v115@9gRpg0GeRpg0Gei0Fegli0DeilJeAgH		[TSZ]!,*p4	96.47%	4862/5040	8681BDBEFF
8881BEABFC	TLJJSZO	LJSZ	J,[^I]p4{LSZ=1}	0B2FE72FFFFEC1CFC2C		v115@9gQ4hlGeR4glGeg0Q4glBeBtCei0CeBtLeAgH		[TJO]!,*p4	97.54%	4916/5040	8681BEABFC
8881BEABFD	TLJJSZO	LJSZ	J,[^I]p4{LSZ=1}	0E3FFFFBF9CB83F7038		v115@9gilGeglAtg0GeBtg0CeR4BeAth0BeR4MeAgH		[TJO]!,*p4	95.99%	4838/5040	8681BEABFD
8881BEABFE	TLJJSZO	LJSZ	J,[^I]p4{LSZ=1}	01C38FC4E7F47FFFFC7		v115@9gQ4HeAtR4FeBtg0Q4FeAtgli0DeilJeAgH		[TJO]!,*p4	96.07%	4842/5040	8681BEABFE
8881BEABFF	TLJJSZO	LJSZ	J,[^I]p4{LSZ=1}	0E3FFFFBF9CB83F7038		v115@9gilGeglAtHeBtR4Cei0AtR4Feg0JeAgH		[TJO]!,*p4	99.88%	5034/5040	8681BEABFF
8881BEAEFE	TLJJSZO	LJSO	J,[^I]p4{LSO=1}	0BF9CACFFFFEC70FC2C		v115@9gQ4hlGeR4glGeg0Q4glRpEei0RpOeAgH		[TJZ]!,*p4	99.09%	4994/5040	8681BEBAFE
8881BEAEFF	TLJJSZO	LJSO	J,[^I]p4{LSO=1}	1		v115@9gilGeglRpGeg0RpBeR4Cei0AeR4NeAgH		[TJZ]!,*p4	94.37%	4756/5040	8681BEBAFF
8881BEBAFE	TLJJSZO	LJZO	J,[^I]p4{LZO=1}	0FEB8BFFFFB2CE3F02C		v115@EhilGeglAtg0RpEeBtg0RpEeAth0JeAgH		[TJS]!,*p4	98.37%	4958/5040	8681BEAEFE
8881BEBAFF	TLJJSZO	LJZO	J,[^I]p4{LZO=1}	1		v115@9gilGeglRpGeg0RpCeBtBei0DeBtKeAgH		[TJS]!,*p4	96.31%	4854/5040	8681BEAEFF
8881BF6BFD	TLJJSZO	JJSZ	J,[^I]p4{JSZ=1}	0E3FFFFBF728FDC0E38		v115@9gi0GeBtg0Geg0BtCeR4Bei0BeR4MeAgH		[TLO]!,*p4	97.54%	4916/5040	8681BDEBFD
8881BF6BFE	TLJJSZO	JJSZ	J,[^I]p4{JSZ=1}	0B2FDCAFFFFC73F0B2C		v115@Ehi0HeQ4h0EeBtR4i0DeBtQ4JeAgH		[TLO]!,*p4	96.63%	4870/5040	8681BDEBFE
8881BF6BFF	TLJJSZO	JJSZ	J,[^I]p4{JSZ=1}	034FDC0FFFFD73F534D		v115@9gQ4BtGeR4BtFeg0Q4Eel0Feg0JeAgH		[TLO]!,*p4	93.29%	4702/5040	8681BDEBFF
8881BF6EFF	TLJJSZO	JJSO	J,[^I]p4{JSO=1}	1		v115@9gRpg0GeRpg0Gei0BeR4Cei0AeR4NeAgH		[TLZ]!,*p4	96.07%	4842/5040	8681BDFAFF
8881BF7AFE	TLJJSZO	JJZO	J,[^I]p4{JZO=1}	0FEE2BFFFFB38FC0B2C		v115@9gi0GeBtg0Geg0BtEeRpi0EeRpJeAgH		[TLS]!,*p4	99.09%	4994/5040	8681BDEEFE
8881BF7AFF	TLJJSZO	JJZO	J,[^I]p4{JZO=1}	1		v115@9gRpg0GeRpg0Gei0CeBtBei0DeBtKeAgH		[TLS]!,*p4	95.91%	4834/5040	8681BDEEFF
8881BFAAFF	TLJJSZO	JSZO	J,[^I]p4{SZO=1}	1		v115@9gQ4IeR4Heg0Q4BtDeRpi0BtCeRpJeAgH		[TLJ]!,*p4	96.94%	4886/5040	8681BEEAFF
8A05ABDFFF	TILJSSZ	TISS	S,[^O]p4{TIS=1}	1		v115@9gwwHewhxwGewhwwT4DewhT4EewhJeAgH		[LJZ]!,*p4	90.87%	4580/5040	8C05ABF7FF
8A05AEDFFF	TILJSSZ	TLSS	S,[^O]p4{TLS=1}	1		v115@9gwwIexwHewwT4DeglT4CeilJeAgH		[IJZ]!,*p4	92.42%	4658/5040	8C05AFB7FF
8A05BAAFFF	TILJSSZ	ILJS	S,[^O]p4{ILJ=1}	1		v115@Dhi0whFeglQ4g0whFeglR4whFehlQ4whJeAgH		[TSZ]!,*p4	92.46%	4660/5040	8C05BABBFF
8A05BADFFB	TILJSSZ	ILSS	S,[^O]p4{ILS=1}	000000003FFFF000000		v115@DhzhFeT4EeT4glGeilJeAgH		[TJZ]!,*p4	98.21%	4950/5040	8C05BBB7FB
8A05BADFFC	TILJSSZ	ILSS	S,[^O]p4{ILS=1}	0B2BF3AB3FFFF0E3F2C		v115@9gzhFeilGeglT4EeT4PeAgH		[TJZ]!,*p4	97.62%	4920/5040	8C05BBB7FC
8A05BADFFD	TILJSSZ	ILSS	S,[^O]p4{ILS=1}	00400380400FC4E7F41		v115@9gglQ4HeglS4FehlS4EezhQ4OeAgH		[TJZ]!,*p4	94.05%	4740/5040	8C05BBB7FD
8A05BADFFE	TILJSSZ	ILSS	S,[^O]p4{ILS=1}	0343F3837FFFF4E7F4D		v115@GhwhglQ4GewhglR4AeR4CewhhlS4DewhJeAgH		[TJZ]!,*p4	92.02%	4638/5040	8C05BBB7FE
8A05BADFFF	TILJSSZ	ILSS	S,[^O]p4{ILS=1}	00C00FC0C00FCFFFFC3		v115@ChglQ4HeglS4FehlS4EezhQ4JeAgH		[TJZ]!,*p4	89.17%	4494/5040	8C05BBB7FF
8A05BAEBFE	TILJSSZ	ILSZ	S,[^O]p4{ILZ=1}	0FFFFF2CBF0E0FEB8B2		v115@9gilFewhglAtGewhBtR4EewhAtR4FewhJeAgH		[TJS]!,*p4	100.00%	5040/5040	8C05BBABFE
8A05BAEBFF	TILJSSZ	ILSZ	S,[^O]p4{ILZ=1}	00FCE0D37FFFF397F4D		v115@9gwhHeAtwhGeBtwhEeR4AtglwhDeR4ilJeAgH		[TJS]!,*p4	99.33%	5006/5040	8C05BBABFF
8A05BB9FFD	TILJSSZ	IJSS	S,[^O]p4{IJS=1}	01C38FC4E7F47FFFFC7		v115@DhQ4i0FeS4g0GeS4EezhQ4JeAgH		[TLZ]!,*p4	99.56%	5018/5040	8C05BAF7FD
8A05BB9FFE	TILJSSZ	IJSS	S,[^O]p4{IJS=1}	0000000FFFFC000FC00		v115@9gwhGeR4whFeR4g0whFeR4g0whEeR4h0JeAgH		[TLZ]!,*p4	98.10%	4944/5040	8C05BAF7FE
8A05BB9FFF	TILJSSZ	IJSS	S,[^O]p4{IJS=1}	1		v115@9gh0R4Feg0R4Geg0R4GeR4zhNeAgH		[TLZ]!,*p4	96.59%	4868/5040	8C05BAF7FF
8A05BBABFE	TILJSSZ	IJSZ	S,[^O]p4{IJZ=1}	0BF9CA0FC3820700020		v115@9gzhFeh0AtGeg0BtR4Eeg0AtR4PeAgH		[TLS]!,*p4	100.00%	5040/5040	8C05BAEBFE
8A05BBABFF	TILJSSZ	IJSZ	S,[^O]p4{IJZ=1}	1		v115@9gwhFei0whGeQ4g0whEeBtR4whFeBtQ4JeAgH		[TLS]!,*p4	97.62%	4920/5040	8C05BAEBFF
8A05BBDBFF	TILJSSZ	ISSZ	S,[^O]p4{ISZ=1}	1		v115@9gwhCeR4DewhAeAtR4EewhBtR4EewhAtR4PeAgH		[TLJ]!,*p4	97.38%	4908/5040	8C05BBE7FF
8A05BE9FFF	TILJSSZ	LJSS	S,[^O]p4{LJS=1}	1		v115@Ehi0GeglQ4g0BeR4CeglR4AeR4DehlQ4JeAgH		[TIZ]!,*p4	92.86%	4680/5040	8C05BEB7FF
8A05BEABFE	TILJSSZ	LJSZ	S,[^O]p4{LJZ=1}	01CFC0771FD7FFFF1C7		v115@Chh0BeAtEeg0BeBtEeg0R4AtglEeR4ilJeAgH		[TIS]!,*p4	94.29%	4752/5040	8C05BEABFE
8A05BEABFF	TILJSSZ	LJSZ	S,[^O]p4{LJZ=1}	1		v115@Ehi0GeglQ4g0CeBtBeglR4DeBtAehlQ4JeAgH		[TIS]!,*p4	92.62%	4668/5040	8C05BEABFF
8A05BEDBFD	TILJSSZ	LSSZ	S,[^O]p4{LSZ=1}	000FC003800BFE2A082		v115@EhR4AtFeR4BtFeR4AtglEeR4ilJeAgH		[TIJ]!,*p4	100.00%	5040/5040	8C05BFA7FD
8A05BEDBFE	TILJSSZ	LSSZ	S,[^O]p4{LSZ=1}	0FFFFFFB8AE3FE00E38		v115@9gilR4EeglAtR4FeBtR4FeAtR4QeAgH		[TIJ]!,*p4	99.92%	5036/5040	8C05BFA7FE
8A05BEDBFF	TILJSSZ	LSSZ	S,[^O]p4{LSZ=1}	070FC1C7F51FFFFF1C7		v115@GhAtHeBtDeT4AtglCeT4ilJeAgH		[TIJ]!,*p4	95.20%	4798/5040	8C05BFA7FF
8A05BF9BFD	TILJSSZ	JSSZ	S,[^O]p4{JSZ=1}	0E3F578FC0FFFFD34D3		v115@9gQ4IeS4BtEeg0S4BtDei0Q4PeAgH		[TIL]!,*p4	96.87%	4882/5040	8C05BEE7FD
8A05BF9BFE	TILJSSZ	JSSZ	S,[^O]p4{JSZ=1}	0FFFFFFE2AFF8038E38		v115@Hhh0AtGeg0BtT4Ceg0AtT4NeAgH		[TIL]!,*p4	95.00%	4788/5040	8C05BEE7FE
8A05BF9BFF	TILJSSZ	JSSZ	S,[^O]p4{JSZ=1}	1		v115@AhR4FeAtR4g0EeBtR4g0EeAtR4h0OeAgH		[TIL]!,*p4	94.29%	4752/5040	8C05BEE7FF
8A09AEDFFF	TILJSSO	TLSS	S,[^Z]p4{TLS=1}	1		v115@9gwwIexwHewwT4DeglT4CeilJeAgH		[IJO]!,*p4	86.94%	4382/5040	8C11AFB7FF
8A09BAAFFF	TILJSSO	ILJS	S,[^Z]p4{ILJ=1}	1		v115@Dhi0whFeglQ4g0whFeglR4whFehlQ4whJeAgH		[TSO]!,*p4	90.08%	4540/5040	8C11BABBFF
8A09BADFFD	TILJSSO	ILSS	S,[^Z]p4{ILS=1}	0B2BF3AB3FFFF0E3F2C		v115@9gzhFeilGeglT4EeT4PeAgH		[TJO]!,*p4	100.00%	5040/5040	8C11BBB7FD
8A09BADFFE	TILJSSO	ILSS	S,[^Z]p4{ILS=1}	00400380400FC4E7F41		v115@FhR4GeR4glEeR4ilDeR4zhJeAgH		[TJO]!,*p4	93.65%	4720/5040	8C11BBB7FE
8A09BADFFF	TILJSSO	ILSS	S,[^Z]p4{ILS=1}	00C00FC0D39FDFFFFC3		v115@DhQ4IeS4EeilS4DeglzhQ4JeAgH		[TJO]!,*p4	90.95%	4584/5040	8C11BBB7FF
8A09BAEEFB	TILJSSO	ILSO	S,[^Z]p4{ILO=1}	00FC00823FAE2003808		v115@9gzhFeglRpGeglRpR4EehlR4PeAgH		[TJS]!,*p4	100.00%	5040/5040	8C11BBBAFB
8A09BAEEFC	TILJSSO	ILSO	S,[^Z]p4{ILO=1}	0003F020800E0FEB882		v115@FhhlGeRpglEeR4RpglDeR4zhJeAgH		[TJS]!,*p4	99.33%	4884/5040	8C11BBBAFC
8A09BAEEFD	TILJSSO	ILSO	S,[^Z]p4{ILO=1}	0AFCEACB3FFFF383F2C		v115@9gzhFeilGeglR4EeRpR4FeRpJeAgH		[TJS]!,*p4	96.90%	5006/5040	8C11BBBAFD
8A09BAEEFE	TILJSSO	ILSO	S,[^Z]p4{ILO=1}	0003F030C00FCFFFFC3		v115@FhhlGeRpglBeR4CeRpglAeR4CezhJeAgH		[TJS]!,*p4	93.25%	4700/5040	8C11BBBAFE
8A09BAEEFF	TILJSSO	ILSO	S,[^Z]p4{ILO=1}	053BF534CE0FCFFFFD3		v115@QhglRpCeR4ilRpBeR4zhJeAgH		[TJS]!,*p4	90.12%	4542/5040	8C11BBBAFF
8A09BB9FFF	TILJSSO	IJSS	S,[^Z]p4{IJS=1}	1		v115@9gh0R4Feg0R4Geg0R4GeR4zhNeAgH		[TLO]!,*p4	99.68%	5024/5040	8C11BAF7FF
8A09BBAEFE	TILJSSO	IJSO	S,[^Z]p4{IJO=1}	00E3F07397F47FFFFC7		v115@9gh0Heg0BeRpEeg0R4RpEeR4zhNeAgH		[TLS]!,*p4	99.72%	5026/5040	8C11BAFAFE
8A09BBAEFF	TILJSSO	IJSO	S,[^Z]p4{IJO=1}	1		v115@9gh0Gewhg0Hewhg0R4DeRpwhR4EeRpwhJeAgH		[TLS]!,*p4	97.02%	4890/5040	8C11BAFAFF
8A09BBDEFE	TILJSSO	ISSO	S,[^Z]p4{ISO=1}	0383F0E5FD1C7FFFFC7		v115@/gR4GeR4RpFeR4RpEeR4zhNeAgH		[TLJ]!,*p4	98.57%	4968/5040	8C11BBF6FE
8A09BBDEFF	TILJSSO	ISSO	S,[^Z]p4{ISO=1}	1		v115@GhwhIewhAeT4BeRpwhT4CeRpwhJeAgH		[TLJ]!,*p4	96.55%	4866/5040	8C11BBF6FF
8A09BE9FFF	TILJSSO	LJSS	S,[^Z]p4{LJS=1}	1		v115@Ehi0GeglQ4g0CeR4BeglR4BeR4CehlQ4JeAgH		[TIO]!,*p4	88.37%	4454/5040	8C11BEB7FF
8A09BEAEFD	TILJSSO	LJSO	S,[^Z]p4{LJO=1}	01CFC0771FD7FFFF1C7		v115@9gh0FeRpg0GeRpg0R4FeglR4EeilJeAgH		[TIS]!,*p4	96.23%	4850/5040	8C11BEBAFD
8A09BEAEFE	TILJSSO	LJSO	S,[^Z]p4{LJO=1}	07FFD57FFFFFFFFF5D7		v115@Ehi0GeglQ4g0EeRpglR4EeRphlQ4JeAgHEhwhBPGew?wAeAPGeAtAeQLGeBtQaJeAgH		[TIS]!,*p4	87.98%	4434/5040	8C11BEBAFE
8A09BEAEFF	TILJSSO	LJSO	S,[^Z]p4{LJO=1}	1		v115@Ehi0GeglQ4g0RpEeglR4RpEehlQ4JeAgH		[TIS]!,*p4	86.90%	4380/5040	8C11BEBAFF
8A09BEDEFE	TILJSSO	LSSO	S,[^Z]p4{LSO=1}	070FC1C7F51FFFFF1C7		v115@FhRpHeRpAeT4DeglT4CeilJeAgH		[TIJ]!,*p4	98.21%	4950/5040	8C11BFB6FE
8A09BEDEFF	TILJSSO	LSSO	S,[^Z]p4{LSO=1}	1		v115@HhilGeglT4CeRpT4DeRpJeAgH		[TIJ]!,*p4	93.10%	4692/5040	8C11BFB6FF
8A09BF9EFC	TILJSSO	JSSO	S,[^Z]p4{JSO=1}	003F000000FFFFC0000		v115@FhR4GeR4g0RpEeR4g0RpDeR4h0JeAgH		[TIL]!,*p4	98.85%	4982/5040	8C11BEF6FC
8A09BF9EFD	TILJSSO	JSSO	S,[^Z]p4{JSO=1}	0E3F578FC0FFFFD34D3		v115@9gQ4IeR4RpFeg0Q4RpR4Dei0R4OeAgH		[TIL]!,*p4	97.82%	4930/5040	8C11BEF6FD
8A09BF9EFE	TILJSSO	JSSO	S,[^Z]p4{JSO=1}	0FFFFC0000000000000		v115@Ehi0EeT4g0DeT4RpHeRpJeAgH		[TIL]!,*p4	97.38%	4908/5040	8C11BEF6FE
8A09BF9EFF	TILJSSO	JSSO	S,[^Z]p4{JSO=1}	1		v115@9gh0R4Feg0R4Geg0R4EeRpR4FeRpJeAgH		[TIL]!,*p4	96.07%	4842/5040	8C11BEF6FF
8C05ABF7FF	TILJSZZ	TIZZ	Z,[^O]p4{TIZ=1}	1		v115@9gwhHewwwhGexwwhDeDtwwwhEeDtJeAgH		[LJS]!,*p4	91.03%	4588/5040	8A05ABDFFF
8C05AFB7FF	TILJSZZ	TJZZ	Z,[^O]p4{TJZ=1}	1		v115@GhwwHexwg0DeDtwwi0CeDtJeAgH		[ILS]!,*p4	92.42%	4658/5040	8A05AEDFFF
8C05BABBFF	TILJSZZ	ILJZ	Z,[^O]p4{ILJ=1}	1		v115@9gwhilFewhglAtg0FewhBtg0FewhAth0PeAgH		[TSZ]!,*p4	92.46%	4660/5040	8A05BAAFFF
8C05BAEBFE	TILJSZZ	ILSZ	Z,[^O]p4{ILS=1}	082BF3A80FC700E0020		v115@DhzhGeQ4hlEeBtR4glFeBtQ4glJeAgH		[TJZ]!,*p4	100.00%	5040/5040	8A05BBABFE
8C05BAEBFF	TILJSZZ	ILSZ	Z,[^O]p4{ILS=1}	1		v115@9gilFewhglAtGewhBtR4EewhAtR4FewhJeAgH		[TJZ]!,*p4	97.62%	4920/5040	8A05BBABFF
8C05BAF7FD	TILJSZZ	ILZZ	Z,[^O]p4{ILZ=1}	003BF071CE5FDFFFFC7		v115@9gilAtFeglCtFeCtGeAtzhOeAgH		[TJS]!,*p4	99.56%	5018/5040	8A05BB9FFD
8C05BAF7FE	TILJSZZ	ILZZ	Z,[^O]p4{ILZ=1}	000000003FFFF003F00		v115@9gBtGewhglBtFewhglBtFewhhlBtEewhJeAgH		[TJS]!,*p4	98.10%	4944/5040	8A05BB9FFE
8C05BAF7FF	TILJSZZ	ILZZ	Z,[^O]p4{ILZ=1}	1		v115@DhBthlGeBtglGeBtglDezhBtJeAgH		[TJS]!,*p4	96.59%	4868/5040	8A05BB9FFF
8C05BBABFE	TILJSZZ	IJSZ	Z,[^O]p4{IJS=1}	0CBFFFF3F1C32BF72B2		v115@9gwhFei0whGeQ4g0whEeBtR4whFeBtQ4JeAgH		[TLZ]!,*p4	100.00%	5040/5040	8A05BAEBFE
8C05BBABFF	TILJSZZ	IJSZ	Z,[^O]p4{IJS=1}	034FC70FFFFCD5CFD4D		v115@9gQ4HewhR4Gewhg0Q4BtEewhi0BtDewhJeAgH		[TLZ]!,*p4	99.33%	5006/5040	8A05BAEBFF
8C05BBB7FB	TILJSZZ	IJZZ	Z,[^O]p4{IJZ=1}	0000000FFFFC0000000		v115@9gzhFeDtFeg0DtEei0QeAgH		[TLS]!,*p4	98.33%	4956/5040	8A05BADFFB
8C05BBB7FC	TILJSZZ	IJZZ	Z,[^O]p4{IJZ=1}	0BF9CACFFFFEC70FC2C		v115@DhzhGei0EeDtg0FeDtJeAgH		[TLS]!,*p4	97.62%	4920/5040	8A05BADFFC
8C05BBB7FD	TILJSZZ	IJZZ	Z,[^O]p4{IJZ=1}	0001C01003F0171FD41		v115@FhAtg0FeCtg0EeCth0EeAtzhJeAgH		[TLS]!,*p4	94.05%	4740/5040	8A05BADFFD
8C05BBB7FE	TILJSZZ	IJZZ	Z,[^O]p4{IJZ=1}	03F1C0DFFFFCD71FD4D		v115@9gwhIewhGeAtg0whCeBtAeBtg0whDeCth0JeAgH		[TLS]!,*p4	92.02%	4638/5040	8A05BADFFE
8C05BBB7FF	TILJSZZ	IJZZ	Z,[^O]p4{IJZ=1}	0003F03003F03FFFFC3		v115@AhAtg0FeCtg0EeCth0EeAtzhOeAgH		[TLS]!,*p4	89.17%	4494/5040	8A05BADFFF
8C05BBE7FF	TILJSZZ	ISZZ	Z,[^O]p4{ISZ=1}	1		v115@BhBtCewhEeBtQ4AewhEeBtR4whFeBtQ4whJeAgH		[TLJ]!,*p4	97.38%	4908/5040	8A05BBDBFF
8C05BEABFE	TILJSZZ	LJSZ	Z,[^O]p4{LJS=1}	034FDC0FFFFD73F534D		v115@9gQ4BehlEeR4BeglEeg0Q4BtglEei0BtOeAgH		[TIZ]!,*p4	94.29%	4752/5040	8A05BEABFE
8C05BEABFF	TILJSZZ	LJSZ	Z,[^O]p4{LJS=1}	1		v115@9gilGeglAtg0GeBtg0BeR4CeAth0AeR4NeAgH		[TIZ]!,*p4	92.62%	4668/5040	8A05BEABFF
8C05BEB7FF	TILJSZZ	LJZZ	Z,[^O]p4{LJZ=1}	1		v115@9gilGeglAtg0GeBtg0CeBtBeAth0DeBtKeAgH		[TIS]!,*p4	92.86%	4680/5040	8A05BE9FFF
8C05BEE7FD	TILJSZZ	LSZZ	Z,[^O]p4{LSZ=1}	070FC1C7F51FFFFF1C7		v115@GhAtEeR4CtDeR4CtglFeAtilJeAgH		[TIJ]!,*p4	96.87%	4882/5040	8A05BF9BFD
8C05BEE7FE	TILJSZZ	LSZZ	Z,[^O]p4{LSZ=1}	0FEE2BFFFFB38FC0B2C		v115@OhQ4hlCeDtR4glDeDtQ4glJeAgH		[TIJ]!,*p4	95.00%	4788/5040	8A05BF9BFE
8C05BEE7FF	TILJSZZ	LSZZ	Z,[^O]p4{LSZ=1}	1		v115@ChBtHeglBtQ4FeglBtR4EehlBtQ4JeAgH		[TIJ]!,*p4	94.29%	4752/5040	8A05BF9BFF
8C05BFA7FD	TILJSZZ	JSZZ	Z,[^O]p4{JSZ=1}	0038000FC0E3F541041		v115@9gQ4BtGeR4BtFeg0Q4BtFei0BtOeAgH		[TIL]!,*p4	100.00%	5040/5040	8A05BEDBFD
8C05BFA7FE	TILJSZZ	JSZZ	Z,[^O]p4{JSZ=1}	0FF8ABFFFFE3F02CB2C		v115@ChBti0FeBtQ4g0FeBtR4GeBtQ4JeAgH		[TIL]!,*p4	99.92%	5036/5040	8A05BEDBFE
8C05BFA7FF	TILJSZZ	JSZZ	Z,[^O]p4{JSZ=1}	0E3F578FC0FFFFD34D3		v115@9gQ4IeR4Heg0Q4DtDei0DtMeAgH		[TIL]!,*p4	95.20%	4798/5040	8A05BEDBFF
8C11AFB7FF	TILJZZO	TJZZ	Z,[^S]p4{TJZ=1}	1		v115@GhwwHexwg0DeDtwwi0CeDtJeAgH		[ILO]!,*p4	86.94%	4382/5040	8A09AEDFFF
8C11BABBFF	TILJZZO	ILJZ	Z,[^S]p4{ILJ=1}	1		v115@9gwhilFewhglAtg0FewhBtg0FewhAth0PeAgH		[TZO]!,*p4	90.08%	4540/5040	8A09BAAFFF
8C11BAF7FF	TILJZZO	ILZZ	Z,[^S]p4{ILZ=1}	1		v115@DhBthlGeBtglGeBtglDezhBtJeAgH		[TJO]!,*p4	99.68%	5024/5040	8A09BB9FFF
8C11BAFAFE	TILJZZO	ILZO	Z,[^S]p4{ILO=1}	003BF071CE5FDFFFFC7		v115@FhhlEeRpBeglEeRpBtglDezhBtJeAgH		[TJZ]!,*p4	99.72%	5026/5040	8A09BBAEFE
8C11BAFAFF	TILJZZO	ILZO	Z,[^S]p4{ILO=1}	1		v115@9gwhGehlwhHeglwhRpDeBtglwhRpEeBtJeAgH		[TJZ]!,*p4	97.02%	4890/5040	8A09BBAEFF
8C11BBB7FD	TILJZZO	IJZZ	Z,[^S]p4{IJZ=1}	0B2FE72FFFFEC1CFC2C		v115@DhzhGei0EeDtg0FeDtJeAgH		[TLO]!,*p4	100.00%	5040/5040	8A09BADFFD
8C11BBB7FE	TILJZZO	IJZZ	Z,[^S]p4{IJZ=1}	0040070003F015CFD41		v115@9gBtHeg0BtGei0BtEezhBtNeAgH		[TLO]!,*p4	93.65%	4720/5040	8A09BADFFE
8C11BBB7FF	TILJZZO	IJZZ	Z,[^S]p4{IJZ=1}	00C00FC4E7F43FFFFC3		v115@AhAtGeCtFeCti0DeAtzhg0NeAgH		[TLO]!,*p4	90.95%	4584/5040	8A09BADFFF
8C11BBBAFB	TILJZZO	IJZO	Z,[^S]p4{IJO=1}	03F0008FEB88800E008		v115@DhzhGeRpg0EeBtRpg0FeBth0JeAgH		[TLZ]!,*p4	100.00%	5040/5040	8A09BAEEFB
8C11BBBAFC	TILJZZO	IJZO	Z,[^S]p4{IJO=1}	0003F02003802FEE282		v115@9gh0Heg0RpGeg0RpBtEezhBtNeAgH		[TLZ]!,*p4	99.33%	5006/5040	8A09BAEEFC
8C11BBBAFD	TILJZZO	IJZO	Z,[^S]p4{IJO=1}	0BF9CACFFFFEC70FC2C		v115@DhzhGei0RpEeBtg0RpFeBtJeAgH		[TLZ]!,*p4	96.90%	4884/5040	8A09BAEEFD
8C11BBBAFE	TILJZZO	IJZO	Z,[^S]p4{IJO=1}	0003F03003F03FFFFC3		v115@9gh0Heg0RpGeg0RpCeBtBezhCeBtKeAgH		[TLZ]!,*p4	93.25%	4700/5040	8A09BAEEFE
8C11BBBAFF	TILJZZO	IJZO	Z,[^S]p4{IJO=1}	04E7F53383F13FFFFD3		v115@Hhg0Iei0BtCeRpzhBtBeRpJeAgH		[TLZ]!,*p4	90.12%	4542/5040	8A09BAEEFF
8C11BBF6FE	TILJZZO	IZZO	Z,[^S]p4{IZO=1}	0383F0E5FD1C7FFFFC7		v115@DhBtGeRpBtFeRpBtEezhBtJeAgH		[TLJ]!,*p4	98.57%	4968/5040	8A09BBDEFE
8C11BBF6FF	TILJZZO	IZZO	Z,[^S]p4{IZO=1}	1		v115@9gwhIewhIewhRpBeDtAewhRpCeDtJeAgH		[TLJ]!,*p4	96.55%	4866/5040	8A09BBDEFF
8C11BEB7FF	TILJZZO	LJZZ	Z,[^S]p4{LJZ=1}	1		v115@9gilGeglAtg0GeBtg0BeBtCeAth0CeBtLeAgH		[TIO]!,*p4	88.37%	4454/5040	8A09BE9FFF
8C11BEBAFD	TILJZZO	LJZO	Z,[^S]p4{LJO=1}	03F700DFFFFDC7F534D		v115@9gRpFehlRpGeglg0FeBtgli0EeBtJeAgH		[TIZ]!,*p4	96.23%	4850/5040	8A09BEAEFD
8C11BEBAFE	TILJZZO	LJZO	Z,[^S]p4{LJO=1}	0BFFEADFFFFFFFFFB6D		v115@9gilGeglAtg0GeBtg0RpEeAth0RpOeAgH9gBtglGeA?tAegWGeglAeAPGegWBPQeAgH		[TIZ]!,*p4	87.98%	4434/5040	8A09BEAEFE
8C11BEBAFF	TILJZZO	LJZO	Z,[^S]p4{LJO=1}	1		v115@9gilGeglAtg0GeBtg0EeRpAth0EeRpJeAgH		[TIZ]!,*p4	86.90%	4380/5040	8A09BEAEFF
8C11BEF6FC	TILJZZO	LZZO	Z,[^S]p4{LZO=1}	000FC0000003FFFF000		v115@9gBtHeglBtGeglBtEeRphlBtDeRpJeAgH		[TIJ]!,*p4	98.85%	4982/5040	8A09BF9EFC
8C11BEF6FD	TILJZZO	LZZO	Z,[^S]p4{LZO=1}	071FD5C3F04FFFFF4D3		v115@GhAtFeRpBtDeBtRpAtglEeBtilJeAgH		[TIJ]!,*p4	97.82%	4930/5040	8A09BF9EFD
8C11BEF6FE	TILJZZO	LZZO	Z,[^S]p4{LZO=1}	0FFFFC0000000000000		v115@9gilGeglDtEeRpDtDeRpReAgH		[TIJ]!,*p4	97.38%	4908/5040	8A09BF9EFE
8C11BEF6FF	TILJZZO	LZZO	Z,[^S]p4{LZO=1}	1		v115@DhBthlGeBtglRpEeBtglRpFeBtJeAgH		[TIJ]!,*p4	95.71%	4824/5040	8A09BF9EFF
8C11BFB6FE	TILJZZO	JZZO	Z,[^S]p4{JZO=1}	0E3F038FD5FFFFC71C7		v115@9gRpHeRpHeg0DeDtAei0CeDtJeAgH		[TIL]!,*p4	98.21%	4950/5040	8A09BEDEFE
8C11BFB6FF	TILJZZO	JZZO	Z,[^S]p4{JZO=1}	1		v115@Ohi0RpCeDtg0RpDeDtJeAgH		[TIL]!,*p4	93.10%	4692/5040	8A09BEDEFF
8E097ABDFF	TILJSOO	ILJOO	O,[^Z]p5{ILJO=1}	1		v115@RhRpg0zhglTpi0ilRpJeAgHRhRpili0Tpglzhg0RpJ?eAAA		[TS]!	100.00%	2/2	8E117ABDFF
8E09BABEFD	TILJSOO	ILJO	O,[^Z]p4{ILJ=1}	0E38FFFFEBF3A0FCE38		v115@Qhg0Rpilzhg0RpglEeh0JeAgH		[TSO]!,*p4	94.29%	4752/5040	8E11BABEFD
8E09BABEFE	TILJSOO	ILJO	O,[^Z]p4{ILJ=1}	00C3003F000FCFFFFC3		v115@Dhh0Heg0BeglDeRpg0ilDeRpzhJeAgH		[TSO]!,*p4	91.63%	4618/5040	8E11BABEFE
8E09BABEFF	TILJSOO	ILJO	O,[^Z]p4{ILJ=1}	0F3CFFFFFFFFFFFFFFC		v115@9gzhFeh0hlFeg0RpglFeg0RpglPeAgH9gTaBezhhHh?WBeh0hlgHxSgWBeg0RpglgHxSgWBeg0RpglJeAgHDhxwxhG?ewSwhQeQLhWQaJeAgH		[TSO]!,*p4	90.08%	4540/5040	8E11BABEFF
8E09BAEEFA	TILJSOO	ILSO	O,[^Z]p4{ILS=1}	0203F0022FE72001C08		v115@DhzhHeR4RpEeR4glRpEeilJeAgH		[TJO]!,*p4	99.29%	5004/5040	8E11BBBAFA
8E09BAEEFB	TILJSOO	ILSO	O,[^Z]p4{ILS=1}	00800FC080070BF9C82		v115@9gilGeglR4GeR4FeRpzhDeRpJeAgH		[TJO]!,*p4	97.86%	4932/5040	8E11BBBAFB
8E09BAEEFC	TILJSOO	ILSO	O,[^Z]p4{ILS=1}	082BF3A80FC000E0020		v115@9gzhFeilGeglR4EeRpR4FeRpJeAgH		[TJO]!,*p4	97.74%	4926/5040	8E11BBBAFC
8E09BAEEFD	TILJSOO	ILSO	O,[^Z]p4{ILS=1}	04D4EFD4C38FCFFFFD3		v115@9gglIeglBeR4EehlR4RpDezhRpNeAgH		[TJO]!,*p4	95.63%	4820/5040	8E11BBBAFD
8E09BAEEFE	TILJSOO	ILSO	O,[^Z]p4{ILS=1}	00400380400FC4E7F41		v115@9gglQ4HeglR4GehlQ4EeRpzhDeRpJeAgH		[TJO]!,*p4	94.76%	4776/5040	8E11BBBAFE
8E09BAEEFF	TILJSOO	ILSO	O,[^Z]p4{ILS=1}	0303F0033FFFF003F0C		v115@9gzhFeglQ4HeglR4EeRphlQ4EeRpJeAgH		[TJO]!,*p4	91.75%	4624/5040	8E11BBBAFF
8E09BAFDFE	TILJSOO	ILOO	O,[^Z]p4{ILO=1}	053BF534CE0FCFFFFD3		v115@9gglGeRpglGeRphlFeRpzhDeRpJeAgH		[TJS]!,*p4	99.52%	5016/5040	8E11BBBDFE
8E09BAFDFF	TILJSOO	ILOO	O,[^Z]p4{ILO=1}	1		v115@EhwhRpGewhRpFeglwhRpDeilwhRpJeAgH		[TJS]!,*p4	97.62%	4920/5040	8E11BBBDFF
8E09BBAEFF	TILJSOO	IJSO	O,[^Z]p4{IJS=1}	1		v115@Ehi0GeR4g0FeR4RpDezhRpJeAgH		[TLO]!,*p4	99.76%	5028/5040	8E11BAFAFF
8E09BBBDFF	TILJSOO	IJOO	O,[^Z]p4{IJO=1}	1		v115@9gRpwhGeRpwhGeRpwhg0FeRpwhi0NeAgH		[TLS]!,*p4	99.76%	5028/5040	8E11BAFDFF
8E09BBEDFF	TILJSOO	ISOO	O,[^Z]p4{ISO=1}	1		v115@EhwhRpGewhRpAeR4DewhRpR4EewhRpJeAgH		[TLJ]!,*p4	99.72%	5026/5040	8E11BBF9FF
8E09BEAEFE	TILJSOO	LJSO	O,[^Z]p4{LJS=1}	0EBFFFFBF72AFDCAEBA		v115@Ehi0GeglQ4g0RpEeglR4RpEehlQ4JeAgHEhwhBPGew?wAeAPGeAtAeQLGeBtQaJeAgH		[TIO]!,*p4	94.29%	4752/5040	8E11BEBAFE
8E09BEAEFF	TILJSOO	LJSO	O,[^Z]p4{LJS=1}	1		v115@Lhh0R4Feg0R4glRpDeg0ilRpJeAgHLhBPQLQaFeAPB?eAtFewhwwBtLeAgH		[TIO]!,*p4	89.92%	4532/5040	8E11BEBAFF
8E09BEBDFF	TILJSOO	LJOO	O,[^Z]p4{LJO=1}	1		v115@FhRpglFeg0RpglFeg0RphlDeh0RpJeAgH		[TIS]!,*p4	91.27%	4600/5040	8E11BEBDFF
8E09BEEDFE	TILJSOO	LSOO	O,[^Z]p4{LSO=1}	071FD5C3F04FFFFF4D3		v115@FhRpFeR4RpEeR4glRpEeilRpJeAgH		[TIJ]!,*p4	99.64%	5022/5040	8E11BFB9FE
8E09BEEDFF	TILJSOO	LSOO	O,[^Z]p4{LSO=1}	0FEE2BFFFFB38FC0B2C		v115@FhRpilEeRpglR4EeRpR4FeRpJeAgH		[TIJ]!,*p4	99.09%	4994/5040	8E11BFB9FF
8E09BFADFE	TILJSOO	JSOO	O,[^Z]p4{JSO=1}	0E3F578FC0FFFFD34D3		v115@9gQ4GeRpR4FeRpg0Q4FeRpi0EeRpJeAgH		[TIL]!,*p4	100.00%	5040/5040	8E11BEF9FE
8E09BFADFF	TILJSOO	JSOO	O,[^Z]p4{JSO=1}	0FF8ABFFFFE3F02CB2C		v115@9gh0FeRpg0GeRpg0R4EeRpR4FeRpJeAgH		[TIL]!,*p4	99.96%	5038/5040	8E11BEF9FF
8E117ABDFF	TILJZOO	ILJOO	O,[^S]p5{ILJO=1}	1		v115@RhRpg0zhglTpi0ilRpJeAgHRhRpili0Tpglzhg0RpJ?eAAA		[TZ]!	100.00%	2/2	8E097ABDFF
8E11BABEFD	TILJZOO	ILJO	O,[^S]p4{ILJ=1}	0B2CAFCEBFFFF03BF2C		v115@HhglIeglzhi0RphlEeg0RpJeAgH		[TZO]!,*p4	94.29%	4752/5040	8E09BABEFD
8E11BABEFE	TILJZOO	ILJO	O,[^S]p4{ILJ=1}	00C3003F000FCFFFFC3		v115@/ghlFeg0BeglFei0glRpDezhRpNeAgH		[TZO]!,*p4	91.63%	4618/5040	8E09BABEFE
8E11BABEFF	TILJZOO	ILJO	O,[^S]p4{ILJ=1}	0F3CFFFFFFFFFFFFFFC		v115@DhzhFeh0hlFeg0RpglFeg0RpglJeAgH9gzhBeTah0h?lBehHhWg0RpglBegHxSgWg0RpglBegHxSgWJeAgH9gxwxhG?ewSwhQeQLhWQaPeAgH		[TZO]!,*p4	90.08%	4540/5040	8E09BABEFF
8E11BAFAFF	TILJZOO	ILZO	O,[^S]p4{ILZ=1}	1		v115@9gilGeglBtGeRpBtFeRpzhNeAgH		[TJO]!,*p4	99.76%	5028/5040	8E09BBAEFF
8E11BAFDFF	TILJZOO	ILOO	O,[^S]p4{ILO=1}	1		v115@EhwhRpGewhRpFeglwhRpDeilwhRpJeAgH		[TJZ]!,*p4	99.76%	5028/5040	8E09BBBDFF
8E11BBBAFA	TILJZOO	IJZO	O,[^S]p4{IJZ=1}	020FC00BF9C88007008		v115@9gzhFeBtHeg0BtEeRpi0EeRpJeAgH		[TLO]!,*p4	99.29%	5004/5040	8E09BAEEFA
8E11BBBAFB	TILJZOO	IJZO	O,[^S]p4{IJZ=1}	00800FC001C02BF7282		v115@Ehi0GeBtg0RpFeBtRpDezhJeAgH		[TLO]!,*p4	97.86%	4932/5040	8E09BAEEFB
8E11BBBAFC	TILJZOO	IJZO	O,[^S]p4{IJZ=1}	082FE723F00201C0020		v115@DhzhGei0RpEeBtg0RpFeBtJeAgH		[TLO]!,*p4	97.74%	4926/5040	8E09BAEEFC
8E11BBBAFD	TILJZOO	IJZO	O,[^S]p4{IJZ=1}	04D39FD0E3F13FFFFD3		v115@Ghg0EeBtBeg0DeRpBth0DeRpzhJeAgH		[TLO]!,*p4	95.63%	4820/5040	8E09BAEEFD
8E11BBBAFE	TILJZOO	IJZO	O,[^S]p4{IJZ=1}	0040070003F015CFD41		v115@FhAtg0GeBtg0RpEeAth0RpDezhJeAgH		[TLO]!,*p4	94.76%	4776/5040	8E09BAEEFE
8E11BBBAFF	TILJZOO	IJZO	O,[^S]p4{IJZ=1}	030FC00FFFFCC00FC0C		v115@DhzhHeAtg0RpEeBtg0RpEeAth0JeAgH		[TLO]!,*p4	91.51%	4612/5040	8E09BAEEFF
8E11BBBDFE	TILJZOO	IJOO	O,[^S]p4{IJO=1}	04E7F53383F13FFFFD3		v115@9gRpGeg0RpGeg0RpFeh0RpDezhJeAgH		[TLZ]!,*p4	99.52%	5016/5040	8E09BAFDFE
8E11BBBDFF	TILJZOO	IJOO	O,[^S]p4{IJO=1}	1		v115@9gRpwhGeRpwhGeRpwhg0FeRpwhi0NeAgH		[TLZ]!,*p4	97.62%	4920/5040	8E09BAFDFF
8E11BBF9FF	TILJZOO	IZOO	O,[^S]p4{IZO=1}	1		v115@9gRpwhGeRpwhGeRpwhDeBtAeRpwhEeBtJeAgH		[TLJ]!,*p4	99.72%	5026/5040	8E09BBEDFF
8E11BEBAFE	TILJZOO	LJZO	O,[^S]p4{LJZ=1}	0EBFFFFBF72AFDCAEBA		v115@9gilGeglAtg0GeBtg0EeRpAth0EeRpJeAgH9gBtglG?eAtAegWGeglAeAPGegWBPQeAgH		[TIO]!,*p4	94.29%	4752/5040	8E09BEAEFE
8E11BEBAFF	TILJZOO	LJZO	O,[^S]p4{LJZ=1}	1		v115@JhBthlDeRpg0BtglDeRpi0glNeAgHJhgWglBtFeAPB?eAtFeBPgWglNeAgH		[TIO]!,*p4	89.92%	4532/5040	8E09BEAEFF
8E11BEBDFF	TILJZOO	LJOO	O,[^S]p4{LJO=1}	1		v115@9gRpHeRpglFeg0RpglFeg0RphlDeh0JeAgH		[TIZ]!,*p4	91.27%	4600/5040	8E09BEBDFF
8E11BEF9FE	TILJZOO	LZOO	O,[^S]p4{LZO=1}	071FD5C3F04FFFFF4D3		v115@9gRpGeAtRpFeBtRpFeAtglRpEeilJeAgH		[TIJ]!,*p4	100.00%	5040/5040	8E09BFADFE
8E11BEF9FF	TILJZOO	LZOO	O,[^S]p4{LZO=1}	0FEE2BFFFFB38FC0B2C		v115@9gRpFehlRpGeglRpEeBtglRpFeBtJeAgH		[TIJ]!,*p4	99.96%	5038/5040	8E09BFADFF
8E11BFB9FE	TILJZOO	JZOO	O,[^S]p4{JZO=1}	0E3F578FC0FFFFD34D3		v115@9gRpHeRpBtFeRpg0BtEeRpi0OeAgH		[TIL]!,*p4	99.64%	5022/5040	8E09BEEDFE
8E11BFB9FF	TILJZOO	JZOO	O,[^S]p4{JZO=1}	0FF8ABFFFFE3F02CB2C		v115@9gRpHeRpEei0RpEeBtg0RpFeBtJeAgH		[TIL]!,*p4	99.09%	4994/5040	8E09BEEDFF
